-- phpMyAdmin SQL Dump
-- version 4.6.5.2
-- https://www.phpmyadmin.net/
--
-- Client :  localhost
-- Généré le :  Mar 30 Mai 2017 à 17:37
-- Version du serveur :  10.1.21-MariaDB
-- Version de PHP :  5.6.30

SET SQL_MODE = "NO_AUTO_VALUE_ON_ZERO";
SET time_zone = "+00:00";


/*!40101 SET @OLD_CHARACTER_SET_CLIENT=@@CHARACTER_SET_CLIENT */;
/*!40101 SET @OLD_CHARACTER_SET_RESULTS=@@CHARACTER_SET_RESULTS */;
/*!40101 SET @OLD_COLLATION_CONNECTION=@@COLLATION_CONNECTION */;
/*!40101 SET NAMES utf8mb4 */;

--
-- Base de données :  `wiri_db2`
--

-- --------------------------------------------------------

--
-- Structure de la table `auth_group`
--

CREATE TABLE `auth_group` (
  `id` int(11) NOT NULL,
  `name` varchar(80) NOT NULL
) ENGINE=InnoDB DEFAULT CHARSET=latin1;

-- --------------------------------------------------------

--
-- Structure de la table `auth_group_permissions`
--

CREATE TABLE `auth_group_permissions` (
  `id` int(11) NOT NULL,
  `group_id` int(11) NOT NULL,
  `permission_id` int(11) NOT NULL
) ENGINE=InnoDB DEFAULT CHARSET=latin1;

-- --------------------------------------------------------

--
-- Structure de la table `auth_permission`
--

CREATE TABLE `auth_permission` (
  `id` int(11) NOT NULL,
  `name` varchar(255) NOT NULL,
  `content_type_id` int(11) NOT NULL,
  `codename` varchar(100) NOT NULL
) ENGINE=InnoDB DEFAULT CHARSET=latin1;

--
-- Contenu de la table `auth_permission`
--

INSERT INTO `auth_permission` (`id`, `name`, `content_type_id`, `codename`) VALUES
(1, 'Can add log entry', 1, 'add_logentry'),
(2, 'Can change log entry', 1, 'change_logentry'),
(3, 'Can delete log entry', 1, 'delete_logentry'),
(4, 'Can add user', 2, 'add_user'),
(5, 'Can change user', 2, 'change_user'),
(6, 'Can delete user', 2, 'delete_user'),
(7, 'Can add group', 3, 'add_group'),
(8, 'Can change group', 3, 'change_group'),
(9, 'Can delete group', 3, 'delete_group'),
(10, 'Can add permission', 4, 'add_permission'),
(11, 'Can change permission', 4, 'change_permission'),
(12, 'Can delete permission', 4, 'delete_permission'),
(13, 'Can add content type', 5, 'add_contenttype'),
(14, 'Can change content type', 5, 'change_contenttype'),
(15, 'Can delete content type', 5, 'delete_contenttype'),
(16, 'Can add session', 6, 'add_session'),
(17, 'Can change session', 6, 'change_session'),
(18, 'Can delete session', 6, 'delete_session'),
(19, 'Can add log', 7, 'add_log'),
(20, 'Can change log', 7, 'change_log'),
(21, 'Can delete log', 7, 'delete_log'),
(22, 'Can add interest', 8, 'add_interest'),
(23, 'Can change interest', 8, 'change_interest'),
(24, 'Can delete interest', 8, 'delete_interest'),
(25, 'Can add user', 9, 'add_user'),
(26, 'Can change user', 9, 'change_user'),
(27, 'Can delete user', 9, 'delete_user'),
(28, 'Can add favourite contact', 10, 'add_favouritecontact'),
(29, 'Can change favourite contact', 10, 'change_favouritecontact'),
(30, 'Can delete favourite contact', 10, 'delete_favouritecontact'),
(31, 'Can add card', 11, 'add_card'),
(32, 'Can change card', 11, 'change_card'),
(33, 'Can delete card', 11, 'delete_card'),
(34, 'Can add category', 12, 'add_category'),
(35, 'Can change category', 12, 'change_category'),
(36, 'Can delete category', 12, 'delete_category'),
(37, 'Can add user card', 13, 'add_usercard'),
(38, 'Can change user card', 13, 'change_usercard'),
(39, 'Can delete user card', 13, 'delete_usercard'),
(40, 'Can add user card favourite', 14, 'add_usercardfavourite'),
(41, 'Can change user card favourite', 14, 'change_usercardfavourite'),
(42, 'Can delete user card favourite', 14, 'delete_usercardfavourite'),
(43, 'Can add institution', 15, 'add_institution'),
(44, 'Can change institution', 15, 'change_institution'),
(45, 'Can delete institution', 15, 'delete_institution'),
(46, 'Can add spot', 16, 'add_spot'),
(47, 'Can change spot', 16, 'change_spot'),
(48, 'Can delete spot', 16, 'delete_spot'),
(49, 'Can add event', 17, 'add_event'),
(50, 'Can change event', 17, 'change_event'),
(51, 'Can delete event', 17, 'delete_event'),
(52, 'Can add request_ receivers', 18, 'add_request_receivers'),
(53, 'Can change request_ receivers', 18, 'change_request_receivers'),
(54, 'Can delete request_ receivers', 18, 'delete_request_receivers'),
(55, 'Can add request', 19, 'add_request'),
(56, 'Can change request', 19, 'change_request'),
(57, 'Can delete request', 19, 'delete_request'),
(58, 'Can add chat group', 20, 'add_chatgroup'),
(59, 'Can change chat group', 20, 'change_chatgroup'),
(60, 'Can delete chat group', 20, 'delete_chatgroup'),
(61, 'Can add message', 21, 'add_message'),
(62, 'Can change message', 21, 'change_message'),
(63, 'Can delete message', 21, 'delete_message'),
(64, 'Can add media', 22, 'add_media'),
(65, 'Can change media', 22, 'change_media'),
(66, 'Can delete media', 22, 'delete_media'),
(67, 'Can add device', 23, 'add_device'),
(68, 'Can change device', 23, 'change_device'),
(69, 'Can delete device', 23, 'delete_device'),
(70, 'Can add Device', 24, 'add_mydevice'),
(71, 'Can change Device', 24, 'change_mydevice'),
(72, 'Can delete Device', 24, 'delete_mydevice');

-- --------------------------------------------------------

--
-- Structure de la table `auth_user`
--

CREATE TABLE `auth_user` (
  `id` int(11) NOT NULL,
  `password` varchar(128) NOT NULL,
  `last_login` datetime(6) DEFAULT NULL,
  `is_superuser` tinyint(1) NOT NULL,
  `username` varchar(150) NOT NULL,
  `first_name` varchar(30) NOT NULL,
  `last_name` varchar(30) NOT NULL,
  `email` varchar(254) NOT NULL,
  `is_staff` tinyint(1) NOT NULL,
  `is_active` tinyint(1) NOT NULL,
  `date_joined` datetime(6) NOT NULL
) ENGINE=InnoDB DEFAULT CHARSET=latin1;

--
-- Contenu de la table `auth_user`
--

INSERT INTO `auth_user` (`id`, `password`, `last_login`, `is_superuser`, `username`, `first_name`, `last_name`, `email`, `is_staff`, `is_active`, `date_joined`) VALUES
(1, 'pbkdf2_sha256$36000$7i8sh7u7Kds8$QlE7uWQsHW9yl361ed3GP5W6DtafPtomybCix4B+aJY=', '2017-05-30 09:06:22.557190', 1, 'admin', '', '', 'aliounemane2@gmail.com', 1, 1, '2017-03-03 16:43:03.163345');

-- --------------------------------------------------------

--
-- Structure de la table `auth_user_groups`
--

CREATE TABLE `auth_user_groups` (
  `id` int(11) NOT NULL,
  `user_id` int(11) NOT NULL,
  `group_id` int(11) NOT NULL
) ENGINE=InnoDB DEFAULT CHARSET=latin1;

-- --------------------------------------------------------

--
-- Structure de la table `auth_user_user_permissions`
--

CREATE TABLE `auth_user_user_permissions` (
  `id` int(11) NOT NULL,
  `user_id` int(11) NOT NULL,
  `permission_id` int(11) NOT NULL
) ENGINE=InnoDB DEFAULT CHARSET=latin1;

-- --------------------------------------------------------

--
-- Structure de la table `chatroom_chatgroup`
--

CREATE TABLE `chatroom_chatgroup` (
  `id` int(11) NOT NULL,
  `content` varchar(100) NOT NULL,
  `created` date NOT NULL,
  `userss_id` int(11) NOT NULL
) ENGINE=InnoDB DEFAULT CHARSET=latin1 ROW_FORMAT=COMPACT;

--
-- Contenu de la table `chatroom_chatgroup`
--

INSERT INTO `chatroom_chatgroup` (`id`, `content`, `created`, `userss_id`) VALUES
(1, 'asdds', '2017-05-22', 1),
(2, 'anniversaire_moms', '2017-05-24', 2),
(3, 'groupe_gala', '2017-05-24', 2),
(4, 'gs_spot', '2017-05-26', 2),
(5, 'qs_naiss', '2017-05-29', 2),
(6, 'qs_test_event', '2017-05-29', 2);

-- --------------------------------------------------------

--
-- Structure de la table `chatroom_chatgroup_users`
--

CREATE TABLE `chatroom_chatgroup_users` (
  `id` int(11) NOT NULL,
  `chatgroup_id` int(11) NOT NULL,
  `user_id` int(11) NOT NULL
) ENGINE=InnoDB DEFAULT CHARSET=latin1 ROW_FORMAT=COMPACT;

--
-- Contenu de la table `chatroom_chatgroup_users`
--

INSERT INTO `chatroom_chatgroup_users` (`id`, `chatgroup_id`, `user_id`) VALUES
(1, 1, 1),
(14, 1, 2),
(15, 1, 3),
(10, 2, 1),
(8, 2, 2),
(2, 3, 1),
(5, 3, 2),
(6, 3, 3),
(11, 4, 1),
(12, 4, 3),
(13, 6, 1);

-- --------------------------------------------------------

--
-- Structure de la table `chatroom_media`
--

CREATE TABLE `chatroom_media` (
  `id` int(11) NOT NULL,
  `image` varchar(100) DEFAULT NULL,
  `message_id` int(11) NOT NULL
) ENGINE=InnoDB DEFAULT CHARSET=latin1;

-- --------------------------------------------------------

--
-- Structure de la table `chatroom_message`
--

CREATE TABLE `chatroom_message` (
  `id` int(11) NOT NULL,
  `content` varchar(255) DEFAULT NULL,
  `photo` varchar(100) DEFAULT NULL,
  `chatgroup_id` int(11) NOT NULL,
  `users_id` int(11) DEFAULT NULL,
  `date_created` datetime(6) NOT NULL
) ENGINE=InnoDB DEFAULT CHARSET=latin1;

-- --------------------------------------------------------

--
-- Structure de la table `chatroom_message_users_receivers`
--

CREATE TABLE `chatroom_message_users_receivers` (
  `id` int(11) NOT NULL,
  `message_id` int(11) NOT NULL,
  `user_id` int(11) NOT NULL
) ENGINE=InnoDB DEFAULT CHARSET=latin1;

-- --------------------------------------------------------

--
-- Structure de la table `django_admin_log`
--

CREATE TABLE `django_admin_log` (
  `id` int(11) NOT NULL,
  `action_time` datetime(6) NOT NULL,
  `object_id` longtext,
  `object_repr` varchar(200) NOT NULL,
  `action_flag` smallint(5) UNSIGNED NOT NULL,
  `change_message` longtext NOT NULL,
  `content_type_id` int(11) DEFAULT NULL,
  `user_id` int(11) NOT NULL
) ENGINE=InnoDB DEFAULT CHARSET=latin1;

--
-- Contenu de la table `django_admin_log`
--

INSERT INTO `django_admin_log` (`id`, `action_time`, `object_id`, `object_repr`, `action_flag`, `change_message`, `content_type_id`, `user_id`) VALUES
(1, '2017-03-03 16:44:44.116664', '1', '771096893', 1, '[{\"added\": {}}]', 9, 1),
(2, '2017-03-03 16:48:05.367987', '1', 'Actualite', 1, '[{\"added\": {}}]', 8, 1),
(3, '2017-03-03 16:48:19.190266', '2', 'Animaux', 1, '[{\"added\": {}}]', 8, 1),
(4, '2017-03-03 16:48:28.416208', '3', 'Architecture', 1, '[{\"added\": {}}]', 8, 1),
(5, '2017-03-03 16:48:36.151668', '4', 'Art', 1, '[{\"added\": {}}]', 8, 1),
(6, '2017-03-03 16:48:45.451205', '5', 'Boissons', 1, '[{\"added\": {}}]', 8, 1),
(7, '2017-03-03 16:48:57.606991', '6', 'Bricolage', 1, '[{\"added\": {}}]', 8, 1),
(8, '2017-03-03 16:49:07.731412', '7', 'Citation', 1, '[{\"added\": {}}]', 8, 1),
(9, '2017-03-03 16:49:18.543076', '8', 'Coiffure', 1, '[{\"added\": {}}]', 8, 1),
(10, '2017-03-03 16:49:29.488251', '9', 'Culture', 1, '[{\"added\": {}}]', 8, 1),
(11, '2017-03-03 16:49:41.164564', '10', 'Décoration', 1, '[{\"added\": {}}]', 8, 1),
(12, '2017-03-03 16:49:48.377954', '11', 'Fêtes', 1, '[{\"added\": {}}]', 8, 1),
(13, '2017-03-03 16:49:57.979251', '12', 'Mariage', 1, '[{\"added\": {}}]', 8, 1),
(14, '2017-03-03 16:50:06.314278', '13', 'Mode', 1, '[{\"added\": {}}]', 8, 1),
(15, '2017-03-03 16:50:15.303015', '14', 'People', 1, '[{\"added\": {}}]', 8, 1),
(16, '2017-03-03 16:50:25.237265', '15', 'Photographie', 1, '[{\"added\": {}}]', 8, 1),
(17, '2017-03-03 16:50:36.426899', '16', 'Politique', 1, '[{\"added\": {}}]', 8, 1),
(18, '2017-03-03 16:50:49.940899', '17', 'Sport', 1, '[{\"added\": {}}]', 8, 1),
(19, '2017-03-03 16:51:01.109861', '18', 'Voiture', 1, '[{\"added\": {}}]', 8, 1),
(20, '2017-03-03 16:52:17.019808', '2', '779258627', 1, '[{\"added\": {}}]', 9, 1),
(21, '2017-03-03 16:55:48.251888', '1', 'Académique', 1, '[{\"added\": {}}]', 12, 1),
(22, '2017-03-03 16:55:54.041020', '2', 'Administration', 1, '[{\"added\": {}}]', 12, 1),
(23, '2017-03-03 16:56:03.117957', '3', 'Centre culturel', 1, '[{\"added\": {}}]', 12, 1),
(24, '2017-03-03 16:56:08.179162', '4', 'Cinématographiques', 1, '[{\"added\": {}}]', 12, 1),
(25, '2017-03-03 16:56:12.683754', '5', 'Commerce', 1, '[{\"added\": {}}]', 12, 1),
(26, '2017-03-03 16:56:17.930338', '6', 'Culinaires', 1, '[{\"added\": {}}]', 12, 1),
(27, '2017-03-03 16:56:22.750230', '7', 'Entreprise', 1, '[{\"added\": {}}]', 12, 1),
(28, '2017-03-03 16:56:27.303797', '8', 'Festifs', 1, '[{\"added\": {}}]', 12, 1),
(29, '2017-03-03 16:56:32.154031', '9', 'Hopital', 1, '[{\"added\": {}}]', 12, 1),
(30, '2017-03-03 16:56:36.703731', '10', 'Hotel', 1, '[{\"added\": {}}]', 12, 1),
(31, '2017-03-03 16:56:43.288258', '11', 'Institution académique', 1, '[{\"added\": {}}]', 12, 1),
(32, '2017-03-03 16:56:48.188222', '12', 'Ludiques', 1, '[{\"added\": {}}]', 12, 1),
(33, '2017-03-03 16:56:52.856332', '13', 'Manifestations', 1, '[{\"added\": {}}]', 12, 1),
(34, '2017-03-03 16:56:57.322772', '14', 'Mode', 1, '[{\"added\": {}}]', 12, 1),
(35, '2017-03-03 16:57:02.212426', '15', 'Musicaux', 1, '[{\"added\": {}}]', 12, 1),
(36, '2017-03-03 16:57:06.457392', '16', 'Professionnels', 1, '[{\"added\": {}}]', 12, 1),
(37, '2017-03-03 16:57:11.194798', '17', 'Religieux', 1, '[{\"added\": {}}]', 12, 1),
(38, '2017-03-03 16:57:15.880836', '18', 'Restaurant', 1, '[{\"added\": {}}]', 12, 1),
(39, '2017-03-03 16:57:22.169889', '19', 'Site de loisir', 1, '[{\"added\": {}}]', 12, 1),
(40, '2017-03-03 16:57:28.066975', '20', 'Site sportif', 1, '[{\"added\": {}}]', 12, 1),
(41, '2017-03-03 16:57:36.086053', '21', 'Site touristique', 1, '[{\"added\": {}}]', 12, 1),
(42, '2017-03-03 16:57:44.216649', '22', 'Sportifs', 1, '[{\"added\": {}}]', 12, 1),
(43, '2017-03-03 16:58:43.342668', '1', '14.753312 -17.468433 Qualshore', 1, '[{\"added\": {}}]', 16, 1),
(44, '2017-03-03 16:58:59.295562', '2', '14.666155 -17.436704 Building', 1, '[{\"added\": {}}]', 16, 1),
(45, '2017-03-03 16:59:18.623992', '3', '14.657472 -17.436746 Hopital Aristide Le Dantec', 1, '[{\"added\": {}}]', 16, 1),
(46, '2017-03-03 16:59:36.575119', '4', '14.662544 -17.442039 Gym club', 1, '[{\"added\": {}}]', 16, 1),
(47, '2017-03-03 16:59:53.926158', '5', '14.722282 -17.49489 Monument de la renaissance', 1, '[{\"added\": {}}]', 16, 1),
(48, '2017-03-03 17:00:14.505440', '6', '14.668051 -17.435718 Centre culturel francais', 1, '[{\"added\": {}}]', 16, 1),
(49, '2017-03-03 17:00:32.841485', '7', '14.706403 -17.253347 ETM_TRANS', 1, '[{\"added\": {}}]', 16, 1),
(50, '2017-03-03 17:00:51.654556', '8', '12.894783 1.649354 Concert Youssou Ndour', 1, '[{\"added\": {}}]', 16, 1),
(51, '2017-03-03 17:01:12.229849', '9', '45.763987383 6.36839003 Mariage de Mamadou et Yande', 1, '[{\"added\": {}}]', 16, 1),
(52, '2017-03-03 17:01:36.016445', '10', '4.78939923 5.3789493 Mariage de Toto et Titi', 1, '[{\"added\": {}}]', 16, 1),
(53, '2017-03-03 17:01:58.892329', '11', '12.6739937689 13.3678933333 Festival de CANNES 2017', 1, '[{\"added\": {}}]', 16, 1),
(54, '2017-03-03 17:02:59.032594', '1', '14.753312 -17.468433 Qualshore', 1, '[{\"added\": {}}]', 19, 1),
(55, '2017-03-03 17:03:19.431112', '1', 'Request_Receivers object', 1, '[{\"added\": {}}]', 18, 1),
(56, '2017-03-03 17:03:31.627167', '2', 'Request_Receivers object', 1, '[{\"added\": {}}]', 18, 1),
(57, '2017-03-03 19:52:56.929995', '2', 'Request_Receivers object', 2, '[{\"changed\": {\"fields\": [\"is_active\"]}}]', 18, 1),
(58, '2017-03-03 19:57:20.541140', '2', 'Request_Receivers object', 2, '[]', 18, 1),
(59, '2017-03-03 19:58:27.921228', '2', 'Request_Receivers object', 2, '[]', 18, 1),
(60, '2017-03-03 20:01:02.993943', '1', 'Request_Receivers object', 2, '[]', 18, 1),
(61, '2017-03-06 10:37:59.725352', '3', '77554454554', 1, '[{\"added\": {}}]', 9, 1),
(62, '2017-03-06 10:38:30.253524', '4', '545454454', 1, '[{\"added\": {}}]', 9, 1),
(63, '2017-03-06 10:41:02.836221', '2', '14.666155 -17.436704 Building', 1, '[{\"added\": {}}]', 19, 1),
(64, '2017-03-06 10:41:42.471645', '3', 'Request_Receivers object', 1, '[{\"added\": {}}]', 18, 1),
(65, '2017-03-06 10:42:21.800650', '4', 'Request_Receivers object', 1, '[{\"added\": {}}]', 18, 1),
(66, '2017-03-06 13:08:18.248274', '4', 'Request_Receivers object', 2, '[{\"changed\": {\"fields\": [\"is_active\"]}}]', 18, 1),
(67, '2017-03-06 13:13:11.109257', '4', 'Request_Receivers object', 2, '[{\"changed\": {\"fields\": [\"is_active\"]}}]', 18, 1),
(68, '2017-03-06 15:09:46.314793', '1', 'None', 1, '[{\"added\": {}}]', 11, 1),
(69, '2017-03-06 15:10:06.051268', '1', 'Qualshore', 1, '[{\"added\": {}}]', 15, 1),
(70, '2017-03-06 15:10:12.516141', '1', 'Qualshore', 2, '[{\"changed\": {\"fields\": [\"institution\"]}}]', 11, 1),
(71, '2017-03-06 15:37:41.462921', '3', '771096893', 2, '[]', 13, 1),
(72, '2017-03-06 15:37:47.564505', '4', '771096893', 2, '[]', 13, 1),
(73, '2017-03-06 15:37:54.203124', '4', '771096893', 2, '[]', 13, 1),
(74, '2017-03-06 15:37:58.422506', '3', '771096893', 2, '[]', 13, 1),
(75, '2017-03-06 15:38:10.033989', '2', '771096893', 2, '[]', 13, 1),
(76, '2017-03-06 15:38:13.799941', '1', '771096893', 2, '[]', 13, 1),
(77, '2017-03-06 15:39:00.883941', '5', '779258627', 2, '[]', 13, 1),
(78, '2017-03-06 15:39:07.462491', '6', '779258627', 2, '[]', 13, 1),
(79, '2017-03-06 15:40:08.712847', '8', '77554454554', 2, '[]', 13, 1),
(80, '2017-03-06 15:40:13.935535', '9', '77554454554', 2, '[]', 13, 1),
(81, '2017-03-06 16:18:34.175857', '1', 'Qualshore', 2, '[]', 11, 1),
(82, '2017-03-06 16:19:08.863405', '1', 'Qualshore', 2, '[{\"changed\": {\"fields\": [\"category\"]}}]', 11, 1),
(83, '2017-03-06 16:22:04.250282', '2', 'Building', 1, '[{\"added\": {}}]', 15, 1),
(84, '2017-03-06 16:22:45.828579', '2', 'Building', 1, '[{\"added\": {}}]', 11, 1),
(85, '2017-03-06 16:23:09.622404', '1', 'Mariage de Mamadou et Yande', 1, '[{\"added\": {}}]', 17, 1),
(86, '2017-03-06 16:24:18.601269', '3', 'None', 1, '[{\"added\": {}}]', 11, 1),
(87, '2017-03-06 16:24:44.081955', '2', 'Mariage toto et titi', 1, '[{\"added\": {}}]', 17, 1),
(88, '2017-03-06 16:25:21.412131', '4', 'None', 1, '[{\"added\": {}}]', 11, 1),
(89, '2017-03-06 16:25:27.855989', '3', 'None', 2, '[]', 11, 1),
(90, '2017-03-06 16:25:33.109823', '4', 'None', 2, '[]', 11, 1),
(91, '2017-03-06 16:25:37.101850', '1', 'Qualshore', 2, '[]', 11, 1),
(92, '2017-03-06 16:25:40.827982', '2', 'Building', 2, '[]', 11, 1),
(93, '2017-03-06 16:25:44.157890', '1', 'Qualshore', 2, '[]', 11, 1),
(94, '2017-03-06 17:04:25.059693', '5', '779258627', 2, '[]', 13, 1),
(95, '2017-03-06 17:04:29.542895', '6', '779258627', 2, '[]', 13, 1),
(96, '2017-03-06 17:04:37.151545', '7', '779258627', 2, '[]', 13, 1),
(97, '2017-03-06 17:04:41.814863', '7', '779258627', 2, '[]', 13, 1),
(98, '2017-03-06 17:04:45.506915', '8', '77554454554', 2, '[]', 13, 1),
(99, '2017-03-06 17:04:50.038065', '8', '77554454554', 2, '[]', 13, 1),
(100, '2017-03-06 17:04:53.617947', '9', '77554454554', 2, '[]', 13, 1),
(101, '2017-03-06 17:04:57.852406', '10', '771096893', 2, '[]', 13, 1),
(102, '2017-03-06 17:05:03.553477', '4', '771096893', 2, '[]', 13, 1),
(103, '2017-03-06 17:05:08.175826', '3', '771096893', 2, '[]', 13, 1),
(104, '2017-03-06 17:05:11.722548', '2', '771096893', 2, '[]', 13, 1),
(105, '2017-03-06 17:05:16.074457', '1', '771096893', 2, '[]', 13, 1),
(106, '2017-03-07 09:29:33.987524', '10', '771096893', 2, '[{\"changed\": {\"fields\": [\"state\"]}}]', 13, 1),
(107, '2017-03-07 09:37:17.370306', '1', '771096893', 1, '[{\"added\": {}}]', 14, 1),
(108, '2017-03-07 09:37:24.218610', '2', '771096893', 1, '[{\"added\": {}}]', 14, 1),
(109, '2017-03-07 10:02:36.740683', '1', '2017-03-07', 1, '[{\"added\": {}}]', 20, 1),
(110, '2017-03-07 10:02:43.256300', '2', 'Mariage toto et titi', 2, '[{\"changed\": {\"fields\": [\"chatroom\"]}}]', 17, 1),
(111, '2017-03-07 10:03:05.086201', '2', '2017-03-07', 1, '[{\"added\": {}}]', 20, 1),
(112, '2017-03-07 10:03:07.798083', '1', 'Mariage de Mamadou et Yande', 2, '[{\"changed\": {\"fields\": [\"chatroom\"]}}]', 17, 1),
(113, '2017-03-07 10:29:57.922611', '2', 'Mariage toto et titi', 2, '[{\"changed\": {\"fields\": [\"user\"]}}]', 17, 1),
(114, '2017-03-07 10:30:04.382454', '1', 'Mariage de Mamadou et Yande', 2, '[{\"changed\": {\"fields\": [\"user\"]}}]', 17, 1),
(115, '2017-03-07 16:31:20.224860', '23', 'Autres', 1, '[{\"added\": {}}]', 12, 1),
(116, '2017-03-07 21:09:19.872178', '2', 'Mariage toto et titi', 2, '[{\"changed\": {\"fields\": [\"user\"]}}]', 17, 1),
(117, '2017-03-07 21:09:26.330494', '1', 'Mariage de Mamadou et Yande', 2, '[{\"changed\": {\"fields\": [\"user\"]}}]', 17, 1),
(118, '2017-03-08 19:25:25.673693', '1', '2017-03-08', 1, '[{\"added\": {}}]', 10, 1),
(119, '2017-03-08 19:28:13.688056', '1', '2017-03-08', 2, '[]', 10, 1),
(120, '2017-03-08 21:09:23.501523', '2', '2017-03-07', 2, '[]', 20, 1),
(121, '2017-03-09 11:13:16.319394', '2', '771096893', 2, '[]', 14, 1),
(122, '2017-03-09 11:13:32.501794', '1', '771096893', 2, '[]', 14, 1),
(123, '2017-03-09 11:27:22.761763', '2', '771096893', 2, '[]', 14, 1),
(124, '2017-03-09 11:27:45.918698', '1', '779258627', 2, '[{\"changed\": {\"fields\": [\"sender\"]}}]', 14, 1),
(125, '2017-03-09 11:27:57.956797', '3', '771096893', 1, '[{\"added\": {}}]', 14, 1),
(126, '2017-03-10 09:42:24.397149', '1', 'Qualshore', 2, '[{\"changed\": {\"fields\": [\"category\"]}}]', 11, 1),
(127, '2017-03-10 11:31:37.596044', '1', 'Qualshore', 2, '[{\"changed\": {\"fields\": [\"category\"]}}]', 11, 1),
(128, '2017-03-14 11:49:40.783676', '1', '771096893', 2, '[{\"changed\": {\"fields\": [\"password\"]}}]', 9, 1),
(129, '2017-03-20 10:36:32.577133', '1', '771096893', 2, '[{\"changed\": {\"fields\": [\"password\"]}}]', 9, 1),
(130, '2017-03-20 12:34:45.090250', '1', '771096893', 2, '[{\"changed\": {\"fields\": [\"password\"]}}]', 9, 1),
(131, '2017-03-20 12:52:02.533010', '1', '7710968931', 2, '[{\"changed\": {\"fields\": [\"telephone\"]}}]', 9, 1),
(132, '2017-03-20 12:52:51.831561', '1', '7710968931', 2, '[{\"changed\": {\"fields\": [\"email\"]}}]', 9, 1),
(133, '2017-03-20 12:54:59.206847', '2', '779258627', 2, '[{\"changed\": {\"fields\": [\"email\"]}}]', 9, 1),
(134, '2017-03-20 14:54:12.531012', '26', '771096893', 3, '', 9, 1),
(135, '2017-03-20 15:33:26.580115', '27', '771096893100', 2, '[{\"changed\": {\"fields\": [\"telephone\", \"email\", \"photo\"]}}]', 9, 1),
(136, '2017-03-20 15:35:40.553969', '28', '771096893', 3, '', 9, 1),
(137, '2017-03-20 15:43:55.343178', '29', '77109689310', 2, '[{\"changed\": {\"fields\": [\"telephone\", \"email\", \"photo\"]}}]', 9, 1),
(138, '2017-03-20 15:44:37.919290', '1', '771096893', 2, '[{\"changed\": {\"fields\": [\"telephone\", \"email\"]}}]', 9, 1),
(139, '2017-03-22 09:44:25.545235', '4', '545454454', 2, '[]', 14, 1),
(140, '2017-03-22 14:57:47.075460', '27', '14.02001201 -17.03202002 NEMA', 2, '[]', 16, 1),
(141, '2017-03-22 14:59:05.462296', '3', 'dgnsdgjsfgjsdfj', 2, '[]', 15, 1),
(142, '2017-03-22 14:59:20.333593', '6', 'dgnsdgjsfgjsdfj', 2, '[]', 11, 1),
(143, '2017-03-23 09:37:32.177421', '7', 'None', 2, '[]', 11, 1),
(144, '2017-03-23 10:03:08.010126', '1', 'Qualshore', 2, '[]', 11, 1),
(145, '2017-03-23 10:07:40.147329', '7', 'None', 2, '[]', 11, 1),
(146, '2017-03-23 10:08:35.200781', '6', 'dgnsdgjsfgjsdfj', 2, '[]', 11, 1),
(147, '2017-03-23 10:08:43.565347', '6', 'dgnsdgjsfgjsdfj', 2, '[]', 11, 1),
(148, '2017-03-23 11:26:56.293593', '7', 'None', 3, '', 11, 1),
(149, '2017-03-23 11:42:05.585083', '6', 'dgnsdgjsfgjsdfj', 3, '', 11, 1),
(150, '2017-03-23 11:43:07.979704', '5', 'None', 3, '', 11, 1),
(151, '2017-03-23 11:48:34.426560', '2', 'Building', 2, '[{\"changed\": {\"fields\": [\"owner\"]}}]', 11, 1),
(152, '2017-03-27 08:51:04.075270', '1', 'Mariage de Mamadou et Yande', 2, '[{\"changed\": {\"fields\": [\"date_begin\", \"date_end\"]}}]', 17, 1),
(153, '2017-03-27 08:51:17.720277', '1', 'Mariage de Mamadou et Yande', 2, '[]', 17, 1),
(154, '2017-03-27 08:51:35.740720', '2', 'Mariage toto et titi', 2, '[{\"changed\": {\"fields\": [\"date_begin\", \"date_end\"]}}]', 17, 1),
(155, '2017-03-27 08:53:44.152852', '2', 'Mariage toto et titi', 2, '[{\"changed\": {\"fields\": [\"date_begin\"]}}]', 17, 1),
(156, '2017-03-27 08:53:53.925708', '1', 'Mariage de Mamadou et Yande', 2, '[{\"changed\": {\"fields\": [\"date_begin\"]}}]', 17, 1),
(157, '2017-03-27 08:54:03.604750', '1', 'Mariage de Mamadou et Yande', 2, '[]', 17, 1),
(158, '2017-03-27 08:54:08.234807', '2', 'Mariage toto et titi', 2, '[]', 17, 1),
(159, '2017-03-27 08:57:11.322453', '2', 'Mariage toto et titi', 2, '[]', 17, 1),
(160, '2017-03-28 12:40:00.989781', '5', 'Qualshore2', 2, '[{\"changed\": {\"fields\": [\"file\"]}}]', 11, 1),
(161, '2017-03-28 12:40:13.276442', '5', 'Qualshore2', 2, '[]', 11, 1),
(162, '2017-03-28 12:40:23.351121', '2', 'Building', 2, '[]', 11, 1),
(163, '2017-03-28 12:48:02.850568', '2', 'Building', 2, '[]', 11, 1),
(164, '2017-03-28 12:48:15.181859', '2', 'Building', 2, '[]', 11, 1),
(165, '2017-03-28 12:49:19.859897', '5', 'Qualshore2', 2, '[{\"changed\": {\"fields\": [\"file\"]}}]', 11, 1),
(166, '2017-03-28 17:01:49.824817', '5', 'Qualshore2', 2, '[]', 11, 1),
(167, '2017-03-28 17:03:53.698500', '5', 'Qualshore2', 2, '[{\"changed\": {\"fields\": [\"file\"]}}]', 11, 1),
(168, '2017-03-28 17:04:05.435318', '5', 'Qualshore2', 2, '[]', 11, 1),
(169, '2017-03-29 09:58:57.889239', '5', 'Qualshore2', 2, '[{\"changed\": {\"fields\": [\"file\"]}}]', 11, 1),
(170, '2017-03-29 10:02:30.885140', '5', 'Qualshore2', 2, '[{\"changed\": {\"fields\": [\"file\"]}}]', 11, 1),
(171, '2017-03-29 10:02:51.719910', '5', 'Qualshore2', 2, '[{\"changed\": {\"fields\": [\"file\"]}}]', 11, 1),
(172, '2017-03-30 10:47:51.372615', '1', '22177378204364', 2, '[]', 13, 1),
(173, '2017-03-30 10:48:18.486413', '1', '22177378204364', 2, '[{\"changed\": {\"fields\": [\"state\"]}}]', 13, 1),
(174, '2017-03-30 10:49:07.977331', '3', '22177378204345', 2, '[]', 13, 1),
(175, '2017-03-30 10:49:12.365368', '2', '221773782043', 2, '[]', 13, 1),
(176, '2017-03-30 10:49:22.022506', '1', '22177378204364', 2, '[]', 13, 1),
(177, '2017-03-30 11:07:16.669131', '3', '771096893', 2, '[]', 14, 1),
(178, '2017-03-30 11:07:31.399484', '3', '771096893', 2, '[]', 14, 1),
(179, '2017-03-30 11:07:40.905602', '2', '771096893', 2, '[]', 14, 1),
(180, '2017-03-30 11:26:37.734720', '5', 'Qualshore2', 2, '[{\"changed\": {\"fields\": [\"file\"]}}]', 11, 1),
(181, '2017-03-30 11:26:49.626513', '5', 'Qualshore2', 2, '[]', 11, 1),
(182, '2017-03-30 12:27:48.189784', '5', 'Qualshore2', 2, '[{\"changed\": {\"fields\": [\"file\"]}}]', 11, 1),
(183, '2017-03-30 12:27:56.406026', '5', 'Qualshore2', 2, '[]', 11, 1),
(184, '2017-03-30 12:53:24.404306', '5', 'Qualshore2', 2, '[{\"changed\": {\"fields\": [\"file\"]}}]', 11, 1),
(185, '2017-03-31 17:09:52.340901', '7', '2017-03-20', 2, '[]', 20, 1),
(186, '2017-03-31 17:10:02.144539', '2', '2017-03-07', 2, '[]', 20, 1),
(187, '2017-03-31 17:12:19.347921', '3', '2017-03-08', 2, '[{\"changed\": {\"fields\": [\"content\"]}}]', 20, 1),
(188, '2017-03-31 17:28:19.923963', '8', 'New Group', 2, '[]', 20, 1),
(189, '2017-03-31 17:44:02.964816', '3', 'dddhdjd', 3, '', 20, 1),
(190, '2017-04-05 11:22:24.655098', '7', '771096893', 2, '[]', 13, 1),
(191, '2017-04-05 12:17:25.214189', '2', 'Building', 2, '[]', 11, 1),
(192, '2017-04-05 12:22:50.588893', '5', 'Qualshore2', 2, '[]', 11, 1),
(193, '2017-04-05 12:22:58.636493', '4', 'None', 2, '[]', 11, 1),
(194, '2017-04-05 12:23:06.013545', '3', 'None', 2, '[]', 11, 1),
(195, '2017-04-05 13:07:18.122670', '7', '771096893', 2, '[]', 13, 1),
(196, '2017-04-05 13:07:25.379934', '6', '771096893', 2, '[]', 13, 1),
(197, '2017-04-05 13:07:37.467038', '7', '771096893', 2, '[]', 13, 1),
(198, '2017-04-05 13:08:20.632222', '5', '221707529618', 2, '[]', 13, 1),
(199, '2017-04-05 13:08:42.479285', '3', '14.7530065720598 -17.4684873181679 None', 2, '[]', 19, 1),
(200, '2017-04-05 15:05:06.549101', '7', '771096893', 2, '[]', 13, 1),
(201, '2017-04-05 15:05:09.851106', '6', '771096893', 2, '[]', 13, 1),
(202, '2017-04-05 15:06:17.614227', '7', '771096893', 2, '[]', 13, 1),
(203, '2017-04-05 15:08:32.910796', '6', '771096893', 2, '[]', 13, 1),
(204, '2017-04-05 15:09:53.143030', '1', '22177378204364', 2, '[]', 13, 1),
(205, '2017-04-05 15:10:58.943658', '3', '22177378204345', 2, '[]', 13, 1),
(206, '2017-04-05 15:11:14.574558', '3', '22177378204345', 2, '[]', 13, 1),
(207, '2017-04-05 15:11:44.579268', '7', '771096893', 2, '[]', 13, 1),
(208, '2017-04-05 15:12:26.039073', '7', '771096893', 2, '[]', 13, 1),
(209, '2017-04-05 15:15:18.812046', '1', '22177378204364', 2, '[]', 13, 1),
(210, '2017-04-05 15:15:26.293394', '7', '771096893', 2, '[{\"changed\": {\"fields\": [\"state\"]}}]', 13, 1),
(211, '2017-04-05 15:15:33.016753', '7', '771096893', 2, '[]', 13, 1),
(212, '2017-04-05 15:51:38.372088', '7', '771096893', 2, '[{\"changed\": {\"fields\": [\"state\", \"is_active\"]}}]', 13, 1),
(213, '2017-04-05 15:54:06.904734', '8', '771096893', 2, '[]', 13, 1),
(214, '2017-04-13 09:44:26.403872', '1', '7710968930', 2, '[{\"changed\": {\"fields\": [\"telephone\"]}}]', 9, 1),
(215, '2017-04-14 13:27:26.707197', '44', '0022177109689342725', 2, '[{\"changed\": {\"fields\": [\"telephone\", \"photo\"]}}]', 9, 1),
(216, '2017-04-14 13:28:12.973693', '1', '00221771096893', 2, '[{\"changed\": {\"fields\": [\"telephone\"]}}]', 9, 1),
(217, '2017-04-19 11:18:31.980590', '4', '50', 2, '[{\"changed\": {\"fields\": [\"is_active\"]}}]', 24, 1),
(218, '2017-04-19 11:18:50.808442', '2', '48', 2, '[{\"changed\": {\"fields\": [\"is_active\"]}}]', 24, 1),
(219, '2017-04-19 11:19:03.006828', '1', '1', 2, '[{\"changed\": {\"fields\": [\"is_active\"]}}]', 24, 1),
(220, '2017-04-20 10:39:14.838347', '1', '00221771096893', 2, '[]', 9, 1),
(221, '2017-04-20 10:39:14.987643', '1', '00221771096893', 2, '[]', 9, 1),
(222, '2017-05-05 12:11:21.323364', '3', 'dgnsdgjsfgjsdfj', 2, '[]', 15, 1),
(223, '2017-05-05 12:29:04.948674', '1', 'Mariage toto et titi', 3, '', 20, 1),
(224, '2017-05-05 12:29:16.366526', '2', 'Mariage de Mamadou et Yande', 3, '', 20, 1),
(225, '2017-05-05 12:59:31.628326', '15', '2017-04-03', 3, '', 10, 1),
(226, '2017-05-05 12:59:31.700341', '14', '2017-04-03', 3, '', 10, 1),
(227, '2017-05-05 12:59:31.756378', '13', '2017-04-03', 3, '', 10, 1),
(228, '2017-05-05 12:59:31.799406', '12', '2017-04-03', 3, '', 10, 1),
(229, '2017-05-05 12:59:31.855705', '11', '2017-04-03', 3, '', 10, 1),
(230, '2017-05-05 12:59:31.887814', '10', '2017-04-03', 3, '', 10, 1),
(231, '2017-05-05 12:59:31.944004', '9', '2017-03-30', 3, '', 10, 1),
(232, '2017-05-05 12:59:31.999111', '8', '2017-03-20', 3, '', 10, 1),
(233, '2017-05-05 12:59:32.054699', '7', '2017-03-20', 3, '', 10, 1),
(234, '2017-05-05 12:59:32.111738', '6', '2017-03-08', 3, '', 10, 1),
(235, '2017-05-05 12:59:32.236821', '5', '2017-03-08', 3, '', 10, 1),
(236, '2017-05-05 12:59:38.906522', '1', '2017-03-08', 3, '', 10, 1),
(237, '2017-05-05 13:03:03.812658', '47', '2217737820435949', 3, '', 9, 1),
(238, '2017-05-05 13:03:03.899717', '46', '2217737820434994', 3, '', 9, 1),
(239, '2017-05-05 13:03:03.955635', '45', '221773782043464', 3, '', 9, 1),
(240, '2017-05-05 13:03:04.021484', '44', '0022177109689342725', 3, '', 9, 1),
(241, '2017-05-05 13:03:04.078635', '43', '2217737820439894', 3, '', 9, 1),
(242, '2017-05-05 13:03:04.143834', '42', '22177378204394685', 3, '', 9, 1),
(243, '2017-05-05 13:03:04.188791', '41', '2217737820439494', 3, '', 9, 1),
(244, '2017-05-05 13:03:04.254868', '40', '221773782043946', 3, '', 9, 1),
(245, '2017-05-05 13:03:04.334413', '39', '22177378204364213', 3, '', 9, 1),
(246, '2017-05-05 13:03:04.388855', '37', '2217737820436421', 3, '', 9, 1),
(247, '2017-05-05 13:03:04.433426', '36', '22177378204394', 3, '', 9, 1),
(248, '2017-05-05 13:03:04.549504', '35', '221773494946494', 3, '', 9, 1),
(249, '2017-05-05 13:03:04.622554', '34', '221707529618', 3, '', 9, 1),
(250, '2017-05-05 13:03:04.700604', '33', '221773782043645', 3, '', 9, 1),
(251, '2017-05-05 13:03:04.888730', '32', '22177378204345', 3, '', 9, 1),
(252, '2017-05-05 13:03:04.943738', '31', '221773782043484', 3, '', 9, 1),
(253, '2017-05-05 13:03:04.999776', '30', '22177378204364', 3, '', 9, 1),
(254, '2017-05-05 13:03:05.056198', '29', '77109689310', 3, '', 9, 1),
(255, '2017-05-05 13:03:05.099374', '27', '771096893100', 3, '', 9, 1),
(256, '2017-05-05 13:03:05.132233', '25', '221846564', 3, '', 9, 1),
(257, '2017-05-05 13:03:05.166454', '24', '77777', 3, '', 9, 1),
(258, '2017-05-05 13:03:05.199028', '23', '24548467964', 3, '', 9, 1),
(259, '2017-05-05 13:03:05.255558', '22', '97649494', 3, '', 9, 1),
(260, '2017-05-05 13:03:05.314089', '21', '697646464', 3, '', 9, 1),
(261, '2017-05-05 13:03:05.378581', '20', '7649797657', 3, '', 9, 1),
(262, '2017-05-05 13:03:05.422008', '19', '94946344', 3, '', 9, 1),
(263, '2017-05-05 13:03:05.467210', '18', '23394964', 3, '', 9, 1),
(264, '2017-05-05 13:03:05.622281', '17', '649494694', 3, '', 9, 1),
(265, '2017-05-05 13:03:05.655412', '16', '54769464434', 3, '', 9, 1),
(266, '2017-05-05 13:03:05.710792', '15', '549494465', 3, '', 9, 1),
(267, '2017-05-05 13:03:05.760030', '14', '64943947', 3, '', 9, 1),
(268, '2017-05-05 13:03:05.867101', '13', '97976764', 3, '', 9, 1),
(269, '2017-05-05 13:03:05.922144', '12', '2218484646497', 3, '', 9, 1),
(270, '2017-05-05 13:03:05.966794', '11', '221846965832', 3, '', 9, 1),
(271, '2017-05-05 13:03:05.999816', '10', '221884698536', 3, '', 9, 1),
(272, '2017-05-05 13:03:06.044847', '9', '2215846985', 3, '', 9, 1),
(273, '2017-05-05 13:03:06.088876', '8', '221772506489', 3, '', 9, 1),
(274, '2017-05-05 13:03:06.144913', '7', '2217737820435', 3, '', 9, 1),
(275, '2017-05-05 13:03:06.187941', '6', '775963869', 3, '', 9, 1),
(276, '2017-05-05 13:03:06.263993', '5', '221773782043', 3, '', 9, 1),
(277, '2017-05-05 13:03:06.300017', '4', '545454454', 3, '', 9, 1),
(278, '2017-05-05 13:03:06.334039', '3', '77554454554', 3, '', 9, 1),
(279, '2017-05-05 13:03:06.388074', '2', '779258627', 3, '', 9, 1),
(280, '2017-05-06 12:00:11.562078', '5', 'Qualshore2', 2, '[{\"changed\": {\"fields\": [\"file\"]}}]', 11, 1),
(281, '2017-05-09 10:16:32.534716', '6', 'None', 2, '[]', 11, 1),
(282, '2017-05-09 12:27:48.438685', '117', '14.1515451515 -17.2121221515 RADISSON', 1, '[{\"added\": {}}]', 16, 1),
(283, '2017-05-09 12:28:34.573664', '6', 'Mariage de MEDOUNE ET ADAMA', 1, '[{\"added\": {}}]', 17, 1),
(284, '2017-05-09 12:29:11.179308', '7', 'None', 1, '[{\"added\": {}}]', 11, 1),
(285, '2017-05-09 12:32:21.061277', '121', '14.122021202 -17.212112011 RAVIN NIGHT CLIB', 1, '[{\"added\": {}}]', 16, 1),
(286, '2017-05-09 12:32:26.591899', '5', 'Mariage de SEGA et ADAMA', 1, '[{\"added\": {}}]', 15, 1),
(287, '2017-05-09 12:33:06.280378', '8', 'Mariage de SEGA et ADAMA', 1, '[{\"added\": {}}]', 11, 1),
(288, '2017-05-09 12:37:23.769497', '122', '14.51515151 -17.15151515151 DUPLEX', 1, '[{\"added\": {}}]', 16, 1),
(289, '2017-05-09 12:37:30.050769', '6', 'MARIAGE DE THIAME ET BELTY', 1, '[{\"added\": {}}]', 15, 1),
(290, '2017-05-09 12:38:03.559586', '9', 'MARIAGE DE THIAME ET BELTY', 1, '[{\"added\": {}}]', 11, 1),
(291, '2017-05-09 12:41:24.729254', '6', 'MARIAGE DE Elias ET Alioune', 2, '[{\"changed\": {\"fields\": [\"name\"]}}]', 15, 1),
(292, '2017-05-09 12:41:43.823806', '9', 'MARIAGE DE Elias ET Alioune', 2, '[]', 11, 1),
(293, '2017-05-09 12:42:34.156938', '6', 'MARIAGE DE Mamadou ET YANDE', 2, '[{\"changed\": {\"fields\": [\"name\"]}}]', 15, 1),
(294, '2017-05-09 12:42:57.128282', '9', 'MARIAGE DE Mamadou ET YANDE', 2, '[]', 11, 1),
(295, '2017-05-09 12:45:23.483365', '10', 'Qualshore', 1, '[{\"added\": {}}]', 11, 1),
(296, '2017-05-09 12:48:19.897294', '7', 'Lancement de la plateforme WIRI', 1, '[{\"added\": {}}]', 17, 1),
(297, '2017-05-09 12:49:22.077079', '11', 'None', 1, '[{\"added\": {}}]', 11, 1),
(298, '2017-05-09 13:18:44.612439', '1', '14.74511 -17.490248 Qualshore', 2, '[{\"changed\": {\"fields\": [\"latitude\", \"longitude\"]}}]', 16, 1),
(299, '2017-05-09 13:18:48.956450', '7', 'Lancement de la plateforme WIRI', 2, '[]', 17, 1),
(300, '2017-05-09 13:18:56.681772', '11', 'None', 2, '[]', 11, 1),
(301, '2017-05-09 13:19:24.555279', '1', 'Qualshore', 2, '[]', 15, 1),
(302, '2017-05-09 13:20:34.784332', '122', '14.722282 -17.494686 DUPLEX', 2, '[{\"changed\": {\"fields\": [\"latitude\", \"longitude\"]}}]', 16, 1),
(303, '2017-05-09 13:20:39.323072', '6', 'MARIAGE DE Mamadou ET YANDE', 2, '[]', 15, 1),
(304, '2017-05-09 13:20:49.281841', '9', 'MARIAGE DE Mamadou ET YANDE', 2, '[]', 11, 1),
(305, '2017-05-09 13:21:31.877301', '121', '14.669925 -17.432044 RAVIN NIGHT CLIB', 2, '[{\"changed\": {\"fields\": [\"latitude\", \"longitude\"]}}]', 16, 1),
(306, '2017-05-09 13:21:33.924184', '5', 'Mariage de SEGA et ADAMA', 2, '[]', 15, 1),
(307, '2017-05-09 13:21:37.929492', '8', 'Mariage de SEGA et ADAMA', 2, '[]', 11, 1),
(308, '2017-05-09 13:22:22.996449', '5', 'Mariage de SEGA et ADAMA', 2, '[]', 15, 1),
(309, '2017-05-09 13:22:27.569475', '8', 'Mariage de SEGA et ADAMA', 2, '[]', 11, 1),
(310, '2017-05-09 13:23:02.997490', '117', '14.695776 -17.472853 RADISSON', 2, '[{\"changed\": {\"fields\": [\"latitude\", \"longitude\"]}}]', 16, 1),
(311, '2017-05-09 13:23:06.189594', '6', 'Mariage de MEDOUNE ET ADAMA', 2, '[]', 17, 1),
(312, '2017-05-09 13:23:09.590969', '7', 'None', 2, '[]', 11, 1),
(313, '2017-05-09 13:24:34.054717', '104', '14.676894 -17.466161 Inauguration du RADISSON', 2, '[{\"changed\": {\"fields\": [\"name\", \"latitude\", \"longitude\"]}}]', 16, 1),
(314, '2017-05-09 13:24:58.984952', '6', 'None', 2, '[]', 11, 1),
(315, '2017-05-09 13:25:36.438817', '31', '14.703586 -17.248373 Qualshore2', 2, '[{\"changed\": {\"fields\": [\"latitude\", \"longitude\"]}}]', 16, 1),
(316, '2017-05-09 13:25:41.844653', '4', 'Qualshore2', 2, '[]', 15, 1),
(317, '2017-05-09 13:25:47.152779', '5', 'Qualshore2', 2, '[]', 11, 1),
(318, '2017-05-09 13:26:23.624999', '2', '14.736417 -17.249562 Building', 2, '[{\"changed\": {\"fields\": [\"latitude\", \"longitude\"]}}]', 16, 1),
(319, '2017-05-09 13:26:26.610255', '2', 'Building', 2, '[]', 15, 1),
(320, '2017-05-09 13:26:31.441871', '2', 'Building', 2, '[]', 11, 1),
(321, '2017-05-10 13:22:19.404078', '6', 'None', 3, '', 11, 1),
(322, '2017-05-12 09:39:46.427218', '28', 'MASOOW', 3, '', 17, 1),
(323, '2017-05-12 09:39:46.518190', '27', 'asdasdaa', 3, '', 17, 1),
(324, '2017-05-12 09:39:46.543520', '26', 'asdasd', 3, '', 17, 1),
(325, '2017-05-12 09:39:46.559681', '25', 'dqwdq', 3, '', 17, 1),
(326, '2017-05-12 09:39:46.562878', '7', 'Lancement de la plateforme WIRI', 3, '', 17, 1),
(327, '2017-05-12 09:39:46.565528', '6', 'Mariage de MEDOUNE ET ADAMA', 3, '', 17, 1),
(328, '2017-05-12 09:40:54.262286', '21', 'None', 3, '', 11, 1),
(329, '2017-05-12 09:40:54.311059', '19', 'None', 3, '', 11, 1),
(330, '2017-05-12 09:40:54.313787', '17', 'None', 3, '', 11, 1),
(331, '2017-05-12 09:40:54.315797', '16', 'None', 3, '', 11, 1),
(332, '2017-05-12 09:40:54.323428', '15', 'None', 3, '', 11, 1),
(333, '2017-05-12 09:40:54.325429', '13', 'None', 3, '', 11, 1),
(334, '2017-05-12 09:40:54.338030', '12', 'None', 3, '', 11, 1),
(335, '2017-05-12 09:47:59.589057', '9', 'Ma carte', 3, '', 15, 1),
(336, '2017-05-12 09:47:59.655257', '8', '123412424', 3, '', 15, 1),
(337, '2017-05-12 09:47:59.657570', '7', '12323', 3, '', 15, 1),
(338, '2017-05-12 09:47:59.692626', '6', 'MARIAGE DE Mamadou ET YANDE', 3, '', 15, 1),
(339, '2017-05-12 09:47:59.694945', '5', 'Mariage de SEGA et ADAMA', 3, '', 15, 1),
(340, '2017-05-12 09:47:59.696896', '4', 'Qualshore2', 3, '', 15, 1),
(341, '2017-05-12 09:47:59.698708', '3', 'dgnsdgjsfgjsdfj', 3, '', 15, 1),
(342, '2017-05-12 09:47:59.700348', '2', 'Building', 3, '', 15, 1),
(343, '2017-05-12 09:47:59.702603', '1', 'Qualshore', 3, '', 15, 1),
(344, '2017-05-12 09:48:54.458541', '23', '221707529618', 3, '', 14, 1),
(345, '2017-05-12 09:48:54.516901', '22', '221707529618', 3, '', 14, 1),
(346, '2017-05-12 09:48:54.519361', '21', '00221771096893', 3, '', 14, 1),
(347, '2017-05-12 09:48:54.521271', '20', '00221771096893', 3, '', 14, 1),
(348, '2017-05-12 09:48:54.523474', '19', '00221771096893', 3, '', 14, 1),
(349, '2017-05-12 09:48:54.525453', '18', '221773782043', 3, '', 14, 1),
(350, '2017-05-12 09:48:54.527238', '17', '554212121', 3, '', 14, 1),
(351, '2017-05-12 09:48:54.529070', '16', '554212121', 3, '', 14, 1),
(352, '2017-05-12 09:48:54.530853', '15', '554212121', 3, '', 14, 1),
(353, '2017-05-12 09:48:54.532569', '14', '554212121', 3, '', 14, 1),
(354, '2017-05-12 09:48:54.534288', '13', '777090909', 3, '', 14, 1),
(355, '2017-05-12 09:48:54.535878', '12', '554212121', 3, '', 14, 1),
(356, '2017-05-12 09:48:54.537381', '11', '00221771096893', 3, '', 14, 1),
(357, '2017-05-12 09:48:54.538917', '10', '554212121', 3, '', 14, 1),
(358, '2017-05-12 09:48:54.540484', '9', '00221771096893', 3, '', 14, 1),
(359, '2017-05-12 09:48:54.572064', '8', '554212121', 3, '', 14, 1),
(360, '2017-05-12 09:48:54.583797', '7', '554212121', 3, '', 14, 1),
(361, '2017-05-12 09:48:54.585971', '6', '777090909', 3, '', 14, 1),
(362, '2017-05-12 09:48:54.587965', '5', '6464466', 3, '', 14, 1),
(363, '2017-05-12 09:48:54.590424', '4', '2217737820439467', 3, '', 14, 1),
(364, '2017-05-12 09:48:54.601933', '3', '777915099', 3, '', 14, 1),
(365, '2017-05-12 09:48:54.604141', '2', '00221771096893', 3, '', 14, 1),
(366, '2017-05-12 10:13:02.892803', '162', '14.248373 -17.248373 MASOOW', 3, '', 16, 1),
(367, '2017-05-12 10:13:02.895115', '161', '14.703586 -17.248373 Ma carte', 3, '', 16, 1),
(368, '2017-05-12 10:13:02.896685', '160', '2134124.0 12214.0 123412424', 3, '', 16, 1),
(369, '2017-05-12 10:13:02.898153', '159', '1221.0 1233.0 12323', 3, '', 16, 1),
(370, '2017-05-12 10:13:02.899617', '158', '1212.0 131232.0 asdasdaa', 3, '', 16, 1),
(371, '2017-05-12 10:13:02.901035', '157', '1212.0 131232.0 asdasd', 3, '', 16, 1),
(372, '2017-05-12 10:13:02.964849', '156', '1211212.0 122111.0 dqwdq', 3, '', 16, 1),
(373, '2017-05-12 10:13:02.967169', '155', '14.753218 -17.2434124 qdw', 3, '', 16, 1),
(374, '2017-05-12 10:13:02.969201', '154', '9.2343434 66.2343414 None', 3, '', 16, 1),
(375, '2017-05-12 10:13:02.970935', '153', '9.2343434 66.2343414 None', 3, '', 16, 1),
(376, '2017-05-12 10:13:02.972621', '152', '9.2343434 66.2343414 None', 3, '', 16, 1),
(377, '2017-05-12 10:13:02.974288', '151', '9.2343434 66.2343414 None', 3, '', 16, 1),
(378, '2017-05-12 10:13:02.976051', '150', '9.2343434 66.2343414 None', 3, '', 16, 1),
(379, '2017-05-12 10:13:02.989510', '149', '9.2343434 66.2343414 None', 3, '', 16, 1),
(380, '2017-05-12 10:13:02.991604', '148', '9.2343434 66.2343414 None', 3, '', 16, 1),
(381, '2017-05-12 10:13:02.993202', '147', '9.2343434 66.2343414 None', 3, '', 16, 1),
(382, '2017-05-12 10:13:02.994687', '146', '9.2343434 66.2343414 None', 3, '', 16, 1),
(383, '2017-05-12 10:13:02.996203', '145', '9.2343434 66.2343414 None', 3, '', 16, 1),
(384, '2017-05-12 10:13:02.997822', '144', '14.7530346 -17.4684718 None', 3, '', 16, 1),
(385, '2017-05-12 10:13:02.999675', '143', '14.7529467 -17.4684718 None', 3, '', 16, 1),
(386, '2017-05-12 10:13:03.001227', '142', '14.7529467 -17.4684718 None', 3, '', 16, 1),
(387, '2017-05-12 10:13:03.002767', '141', '14.695776 -17.472853 Happy party', 3, '', 16, 1),
(388, '2017-05-12 10:13:03.004452', '140', '14.695776 -17.472853 Happy party', 3, '', 16, 1),
(389, '2017-05-12 10:13:03.005876', '139', '3414.0 41242.0 23434', 3, '', 16, 1),
(390, '2017-05-12 10:13:03.007357', '138', '14.753218 -17.468487 QS_Party', 3, '', 16, 1),
(391, '2017-05-12 10:13:03.009215', '137', '67.0 67.0 67', 3, '', 16, 1),
(392, '2017-05-12 10:13:03.010688', '136', '34.0 34.0 34', 3, '', 16, 1),
(393, '2017-05-12 10:13:03.012213', '135', '123.0 12.0 12', 3, '', 16, 1),
(394, '2017-05-12 10:13:03.013808', '134', '3.1414124 3.1414124 wfefwfw', 3, '', 16, 1),
(395, '2017-05-12 10:13:03.015324', '133', '23.0 213.0 13424', 3, '', 16, 1),
(396, '2017-05-12 10:13:03.016816', '132', '112.0 1323.0 qewe', 3, '', 16, 1),
(397, '2017-05-12 10:13:03.018594', '131', '22.0 22.0 22', 3, '', 16, 1),
(398, '2017-05-12 10:13:03.020115', '130', '1.1111 1.1111 1.1111', 3, '', 16, 1),
(399, '2017-05-12 10:13:03.021557', '129', '1.12212 1.13323 11', 3, '', 16, 1),
(400, '2017-05-12 10:13:03.023411', '128', '144.0 21.0 34124', 3, '', 16, 1),
(401, '2017-05-12 10:13:03.025008', '127', '144.0 21.0 34124', 3, '', 16, 1),
(402, '2017-05-12 10:13:03.026885', '126', '234314.0 434.0 dfadf', 3, '', 16, 1),
(403, '2017-05-12 10:13:03.028584', '125', '253.535 232.234 aefsfas', 3, '', 16, 1),
(404, '2017-05-12 10:13:03.030109', '124', '3.234134 3.25325235 sdgfdsj', 3, '', 16, 1),
(405, '2017-05-12 10:13:03.031915', '123', '1.13242144 1.14124412142414 adfsfsf', 3, '', 16, 1),
(406, '2017-05-12 10:13:03.033359', '122', '14.722282 -17.494686 DUPLEX', 3, '', 16, 1),
(407, '2017-05-12 10:13:03.034764', '121', '14.669925 -17.432044 RAVIN NIGHT CLIB', 3, '', 16, 1),
(408, '2017-05-12 10:13:03.036176', '120', '14.7529467 -17.4684718 None', 3, '', 16, 1),
(409, '2017-05-12 10:13:03.037576', '119', '14.7529467 -17.4684718 None', 3, '', 16, 1),
(410, '2017-05-12 10:13:03.039054', '118', '14.7529467 -17.4684718 None', 3, '', 16, 1),
(411, '2017-05-12 10:13:03.040467', '117', '14.695776 -17.472853 RADISSON', 3, '', 16, 1),
(412, '2017-05-12 10:13:03.042234', '116', '14.7529467 -17.4684718 None', 3, '', 16, 1),
(413, '2017-05-12 10:13:03.044594', '115', '14.7529467 -17.4684718 None', 3, '', 16, 1),
(414, '2017-05-12 10:13:03.046852', '114', '14.7529467 -17.4684718 None', 3, '', 16, 1),
(415, '2017-05-12 10:13:03.048857', '113', '14.7529467 -17.4684718 None', 3, '', 16, 1),
(416, '2017-05-12 10:13:03.050753', '112', '14.7530033333333 -17.4685283333333 None', 3, '', 16, 1),
(417, '2017-05-12 10:13:03.052493', '111', '14.7530033333333 -17.4685283333333 None', 3, '', 16, 1),
(418, '2017-05-12 10:13:03.054142', '110', '14.7530033333333 -17.4685283333333 None', 3, '', 16, 1),
(419, '2017-05-12 10:13:03.055542', '109', '14.7530033333333 -17.4685283333333 None', 3, '', 16, 1),
(420, '2017-05-12 10:13:03.057293', '108', '14.7530033333333 -17.4685283333333 None', 3, '', 16, 1),
(421, '2017-05-12 10:13:03.059149', '107', '14.7530033333333 -17.4685283333333 None', 3, '', 16, 1),
(422, '2017-05-12 10:13:03.060692', '106', '14.7530033333333 -17.4685283333333 None', 3, '', 16, 1),
(423, '2017-05-12 10:13:03.062266', '105', '14.7530033333333 -17.4685283333333 None', 3, '', 16, 1),
(424, '2017-05-12 10:13:03.063871', '104', '14.676894 -17.466161 Inauguration du RADISSON', 3, '', 16, 1),
(425, '2017-05-12 10:13:03.065672', '103', '14.7529508581649 -17.4685471708872 None', 3, '', 16, 1),
(426, '2017-05-12 10:13:03.067263', '102', '14.7529508581649 -17.4685471708872 None', 3, '', 16, 1),
(427, '2017-05-12 10:13:03.068732', '101', '14.7529508581649 -17.4685471708872 None', 3, '', 16, 1),
(428, '2017-05-12 10:13:03.070164', '100', '14.7529508581649 -17.4685471708872 None', 3, '', 16, 1),
(429, '2017-05-12 10:13:03.071870', '99', '1.111111111 -1.111111111 qaqaqa', 3, '', 16, 1),
(430, '2017-05-12 10:13:03.073866', '98', '14.7529508581649 -17.4685471708872 None', 3, '', 16, 1),
(431, '2017-05-12 10:13:03.076165', '97', '14.7529508581649 -17.4685471708872 None', 3, '', 16, 1),
(432, '2017-05-12 10:13:03.077864', '96', '14.7529508581649 -17.4685471708872 None', 3, '', 16, 1),
(433, '2017-05-12 10:13:03.079574', '95', '14.7529508581649 -17.4685471708872 None', 3, '', 16, 1),
(434, '2017-05-12 10:13:03.081126', '94', '14.7529508581649 -17.4685471708872 None', 3, '', 16, 1),
(435, '2017-05-12 10:13:03.082903', '93', '14.7529467 -17.4684718 None', 3, '', 16, 1),
(436, '2017-05-12 10:13:03.084852', '92', '14.7529467 -17.4684718 None', 3, '', 16, 1),
(437, '2017-05-12 10:13:03.086597', '91', '14.7529508581649 -17.4685471708872 None', 3, '', 16, 1),
(438, '2017-05-12 10:13:03.088043', '90', '14.7529508581649 -17.4685471708872 None', 3, '', 16, 1),
(439, '2017-05-12 10:13:03.089523', '89', '14.7529508581649 -17.4685471708872 None', 3, '', 16, 1),
(440, '2017-05-12 10:13:03.091738', '88', '14.7529508581649 -17.4685471708872 None', 3, '', 16, 1),
(441, '2017-05-12 10:13:03.093623', '87', '14.7529508581649 -17.4685471708872 None', 3, '', 16, 1),
(442, '2017-05-12 10:13:03.095268', '86', '14.7530346 -17.4684718 None', 3, '', 16, 1),
(443, '2017-05-12 10:13:03.096882', '85', '14.7530346 -17.4684718 None', 3, '', 16, 1),
(444, '2017-05-12 10:13:03.098713', '84', '14.7530346 -17.4684718 None', 3, '', 16, 1),
(445, '2017-05-12 10:13:03.100757', '83', '14.7529508581649 -17.4685471708872 None', 3, '', 16, 1),
(446, '2017-05-12 10:13:03.102362', '82', '14.7530346 -17.4684718 None', 3, '', 16, 1),
(447, '2017-05-12 10:13:03.103860', '81', '14.7529508581649 -17.4685471708872 None', 3, '', 16, 1),
(448, '2017-05-12 10:13:03.112339', '80', '14.7529508581649 -17.4685471708872 None', 3, '', 16, 1),
(449, '2017-05-12 10:13:03.114282', '79', '14.7529508581649 -17.4685471708872 None', 3, '', 16, 1),
(450, '2017-05-12 10:13:03.116184', '78', '14.7529508581649 -17.4685471708872 None', 3, '', 16, 1),
(451, '2017-05-12 10:13:03.118019', '77', '1.1 -1.1 dfgbdfbsdf', 3, '', 16, 1),
(452, '2017-05-12 10:13:03.119803', '76', '1.15205121 -1.111110101 toto', 3, '', 16, 1),
(453, '2017-05-12 10:13:03.121369', '75', '420.4444452 4525.45254 bxvbxvb', 3, '', 16, 1),
(454, '2017-05-12 10:13:03.122982', '74', '14.7530050066523 -17.4684801857243 None', 3, '', 16, 1),
(455, '2017-05-12 10:13:03.125117', '73', '14.7529467 -17.4684718 None', 3, '', 16, 1),
(456, '2017-05-12 10:13:03.127062', '72', '14.7530274 -17.4685642 None', 3, '', 16, 1),
(457, '2017-05-12 10:13:03.128720', '71', '14.7530274 -17.4685642 None', 3, '', 16, 1),
(458, '2017-05-12 10:13:03.130425', '70', '14.7530274 -17.4685642 None', 3, '', 16, 1),
(459, '2017-05-12 10:13:03.132438', '69', '14.7530274 -17.4685642 None', 3, '', 16, 1),
(460, '2017-05-12 10:13:03.135519', '68', '0.0 0.0 None', 3, '', 16, 1),
(461, '2017-05-12 10:13:03.137453', '67', '14.7529954320516 -17.4685082955894 None', 3, '', 16, 1),
(462, '2017-05-12 10:13:03.139138', '66', '0.0 0.0 None', 3, '', 16, 1),
(463, '2017-05-12 10:13:03.140608', '65', '14.7530274 -17.4685642 None', 3, '', 16, 1),
(464, '2017-05-12 10:13:03.142292', '64', '14.7530274 -17.4685642 None', 3, '', 16, 1),
(465, '2017-05-12 10:13:03.144466', '63', '14.7530396852794 -17.4687159218673 None', 3, '', 16, 1),
(466, '2017-05-12 10:13:03.146261', '62', '14.7529832276738 -17.4685213514718 None', 3, '', 16, 1),
(467, '2017-05-12 10:13:03.148488', '61', '10.545151511 10.451111 None', 3, '', 16, 1),
(468, '2017-05-12 10:13:03.150177', '60', '10.545151511 10.451111 None', 3, '', 16, 1),
(469, '2017-05-12 10:13:03.151716', '58', '10.545151511 10.451111 None', 3, '', 16, 1),
(470, '2017-05-12 10:13:03.153324', '56', '10.545151511 10.451111 None', 3, '', 16, 1),
(471, '2017-05-12 10:13:03.155211', '54', '10.545151511 10.451111 None', 3, '', 16, 1),
(472, '2017-05-12 10:13:03.157516', '53', '10.545151511 10.451111 None', 3, '', 16, 1),
(473, '2017-05-12 10:13:03.159757', '51', '10.545151511 10.451111 None', 3, '', 16, 1),
(474, '2017-05-12 10:13:03.161304', '49', '10.545151511 10.451111 None', 3, '', 16, 1),
(475, '2017-05-12 10:13:03.163351', '48', '10.545151511 10.451111 None', 3, '', 16, 1),
(476, '2017-05-12 10:13:03.165709', '47', '0.0 0.0 None', 3, '', 16, 1),
(477, '2017-05-12 10:13:03.167491', '46', '14.7529772727958 -17.4685172810732 None', 3, '', 16, 1),
(478, '2017-05-12 10:13:03.169115', '45', '14.7529772727958 -17.4685172810732 None', 3, '', 16, 1),
(479, '2017-05-12 10:13:03.171102', '44', '14.7529677583786 -17.468531463603 None', 3, '', 16, 1),
(480, '2017-05-12 10:13:03.173414', '43', '14.7529783001581 -17.4685119632583 None', 3, '', 16, 1),
(481, '2017-05-12 10:13:03.175637', '42', '14.7529776523056 -17.4685123429012 None', 3, '', 16, 1),
(482, '2017-05-12 10:13:03.177247', '41', '14.752976597631 -17.4685130196761 None', 3, '', 16, 1),
(483, '2017-05-12 10:13:03.180160', '40', '14.7529767636838 -17.4685082724709 None', 3, '', 16, 1),
(484, '2017-05-12 10:13:03.183704', '39', '14.7529601564731 -17.4685353880272 None', 3, '', 16, 1),
(485, '2017-05-12 10:13:03.185650', '38', '14.7529601564731 -17.4685353880272 None', 3, '', 16, 1),
(486, '2017-05-12 10:13:03.188175', '37', '14.7529601564731 -17.4685353880272 None', 3, '', 16, 1),
(487, '2017-05-12 10:13:03.190602', '36', '0.0 0.0 None', 3, '', 16, 1),
(488, '2017-05-12 10:13:03.192623', '35', '14.7529664643243 14.7529664643243 None', 3, '', 16, 1),
(489, '2017-05-12 10:13:03.195766', '34', '14.7491222 14.7491222 None', 3, '', 16, 1),
(490, '2017-05-12 10:13:03.198170', '33', '14.7529395 14.7529395 None', 3, '', 16, 1),
(491, '2017-05-12 10:13:03.200702', '32', '14.7529395 14.7529395 None', 3, '', 16, 1),
(492, '2017-05-12 10:13:03.203094', '31', '14.703586 -17.248373 Qualshore2', 3, '', 16, 1),
(493, '2017-05-12 10:13:03.205379', '30', '453453.0 45345345345.0 binanananananan', 3, '', 16, 1),
(494, '2017-05-12 10:13:03.207406', '29', '42450452542754.0 45325452523.0 dgnsdgjsfgjsdfj', 3, '', 16, 1),
(495, '2017-05-12 10:13:03.209240', '28', '0.0 0.0 zertzetzet', 3, '', 16, 1),
(496, '2017-05-12 10:13:03.211172', '27', '14.02001201 -17.03202002 NEMA', 3, '', 16, 1),
(497, '2017-05-12 10:13:03.213555', '26', '14.4667893 14.4667893 None', 3, '', 16, 1),
(498, '2017-05-12 10:13:03.216003', '25', '0.0 0.0 None', 3, '', 16, 1),
(499, '2017-05-12 10:13:03.219086', '24', '14.7529319457134 -17.4684823530381 None', 3, '', 16, 1),
(500, '2017-05-12 10:13:03.221681', '23', '14.7529614352752 -17.4685412555043 None', 3, '', 16, 1),
(501, '2017-05-12 10:13:03.223959', '22', '0.0 0.0 None', 3, '', 16, 1),
(502, '2017-05-12 10:13:03.226725', '21', '14.7529655376816 -17.4685372082219 None', 3, '', 16, 1),
(503, '2017-05-12 10:13:03.229367', '20', '14.7529734400074 -17.4685554090028 None', 3, '', 16, 1),
(504, '2017-05-12 10:13:03.232917', '19', '14.7529446009283 -17.4685095111267 None', 3, '', 16, 1),
(505, '2017-05-12 10:13:03.238978', '18', '14.7529668158957 -17.4685367557983 None', 3, '', 16, 1),
(506, '2017-05-12 10:13:03.242867', '17', '14.4667893 14.4667893 None', 3, '', 16, 1),
(507, '2017-05-12 10:13:03.246746', '16', '14.4667893 14.4667893 None', 3, '', 16, 1),
(508, '2017-05-12 10:13:03.249476', '15', '14.4667893 14.4667893 None', 3, '', 16, 1),
(509, '2017-05-12 10:13:03.252626', '14', '14.4667893 14.4667893 None', 3, '', 16, 1),
(510, '2017-05-12 10:13:03.254684', '13', '14.4667893 14.4667893 None', 3, '', 16, 1),
(511, '2017-05-12 10:13:03.256213', '12', '14.7530065720598 -17.4684873181679 None', 3, '', 16, 1),
(512, '2017-05-12 10:13:29.341749', '11', '12.6739937689 13.3678933333 Festival de CANNES 2017', 2, '[]', 16, 1),
(513, '2017-05-12 10:41:27.127961', '10', 'Qualshore', 1, '[{\"added\": {}}]', 15, 1),
(514, '2017-05-12 12:26:12.425198', '11', 'wdff', 2, '[]', 15, 1),
(515, '2017-05-12 12:37:51.521528', '29', 'afsf', 2, '[]', 17, 1),
(516, '2017-05-12 12:38:05.012149', '11', 'wdff', 2, '[]', 15, 1),
(517, '2017-05-12 12:55:21.620452', '1', '00221771096893', 2, '[{\"changed\": {\"fields\": [\"password\"]}}]', 9, 1),
(518, '2017-05-12 13:13:35.510973', '28', 'wdff', 2, '[]', 11, 1),
(519, '2017-05-12 13:19:58.386218', '77', '11242421', 3, '', 9, 1),
(520, '2017-05-12 13:22:18.389949', '78', '132424', 3, '', 9, 1),
(521, '2017-05-12 15:27:08.136011', '34', 'toto', 2, '[]', 11, 1),
(522, '2017-05-12 15:28:36.905961', '35', 'None', 2, '[]', 11, 1),
(523, '2017-05-12 16:16:03.822614', '79', '132424', 3, '', 9, 1),
(524, '2017-05-12 16:35:23.821088', '13', '554212121', 2, '[]', 13, 1),
(525, '2017-05-15 20:19:12.211090', '17', 'wwefef', 2, '[]', 15, 1),
(526, '2017-05-17 11:29:10.553669', '34', 'None', 3, '', 11, 1),
(527, '2017-05-17 11:33:10.412500', '45', 'None', 3, '', 11, 1),
(528, '2017-05-17 11:33:10.451384', '44', 'None', 3, '', 11, 1),
(529, '2017-05-17 11:33:10.478835', '43', 'adsdsda', 3, '', 11, 1),
(530, '2017-05-18 09:54:35.953677', '36', 'dddsD', 2, '[]', 17, 1),
(531, '2017-05-18 09:54:38.997010', '46', 'None', 2, '[]', 11, 1),
(532, '2017-05-18 18:07:17.605868', '49', 'None', 3, '', 11, 1),
(533, '2017-05-18 18:07:17.715186', '48', 'mon institution', 3, '', 11, 1),
(534, '2017-05-18 18:07:17.717576', '46', 'None', 3, '', 11, 1),
(535, '2017-05-18 18:07:17.743021', '39', '2017-05-25 11:11:00', 3, '', 11, 1),
(536, '2017-05-18 18:07:17.745402', '36', 'ssdfa', 3, '', 11, 1),
(537, '2017-05-18 18:07:17.765516', '33', 'None', 3, '', 11, 1),
(538, '2017-05-18 18:08:36.253451', '41', '221775061079', 3, '', 14, 1),
(539, '2017-05-18 18:08:36.294557', '40', '221775061079', 3, '', 14, 1),
(540, '2017-05-18 18:08:36.300782', '39', '00221771096893', 3, '', 14, 1),
(541, '2017-05-18 18:08:36.302596', '38', '00221771096893', 3, '', 14, 1),
(542, '2017-05-18 18:08:36.316802', '37', '00221771096893', 3, '', 14, 1),
(543, '2017-05-18 18:08:36.322039', '36', '00221771096893', 3, '', 14, 1),
(544, '2017-05-18 18:08:36.324193', '35', '00221771096893', 3, '', 14, 1),
(545, '2017-05-18 18:08:36.326529', '34', '00221771096893', 3, '', 14, 1),
(546, '2017-05-18 18:08:36.328306', '33', '00221771096893', 3, '', 14, 1),
(547, '2017-05-18 18:08:36.341943', '32', '00221771096893', 3, '', 14, 1),
(548, '2017-05-18 18:08:36.344101', '31', '00221771096893', 3, '', 14, 1),
(549, '2017-05-18 18:08:36.346204', '30', '13332', 3, '', 14, 1),
(550, '2017-05-18 18:08:36.368549', '29', '00221771096893', 3, '', 14, 1),
(551, '2017-05-18 18:08:36.370582', '28', '00221771096893', 3, '', 14, 1),
(552, '2017-05-18 18:08:36.372877', '27', '00221771096893', 3, '', 14, 1),
(553, '2017-05-18 18:08:36.414057', '26', '00221771096893', 3, '', 14, 1),
(554, '2017-05-18 18:08:36.431435', '25', '00221771096893', 3, '', 14, 1),
(555, '2017-05-18 18:08:36.433804', '24', '00221771096893', 3, '', 14, 1),
(556, '2017-05-18 18:47:25.908937', '43', '00221771096893', 3, '', 14, 1),
(557, '2017-05-18 18:47:26.000163', '42', '00221771096893', 3, '', 14, 1),
(558, '2017-05-18 19:03:22.716366', '29', 'adsDSd', 3, '', 15, 1),
(559, '2017-05-18 19:03:22.736281', '28', 'dsDd', 3, '', 15, 1),
(560, '2017-05-18 19:03:22.758152', '27', 'dDad', 3, '', 15, 1),
(561, '2017-05-18 19:03:22.760320', '26', 'mon institution', 3, '', 15, 1),
(562, '2017-05-18 19:03:22.762226', '25', 'adsdsda', 3, '', 15, 1),
(563, '2017-05-18 19:03:22.764278', '24', 'adasdsd', 3, '', 15, 1),
(564, '2017-05-18 19:03:22.766218', '23', 'adasdsd', 3, '', 15, 1),
(565, '2017-05-18 19:03:22.767856', '22', 'adsaD', 3, '', 15, 1),
(566, '2017-05-18 19:03:22.769727', '21', '2017-05-25 11:11:00', 3, '', 15, 1),
(567, '2017-05-18 19:03:22.771316', '20', 'dd', 3, '', 15, 1),
(568, '2017-05-18 19:03:22.772909', '19', 'dd', 3, '', 15, 1),
(569, '2017-05-18 19:03:22.774498', '18', 'ssdfa', 3, '', 15, 1),
(570, '2017-05-18 19:03:22.776119', '17', 'wwefef', 3, '', 15, 1),
(571, '2017-05-18 19:03:22.777618', '16', 'sdfdaf', 3, '', 15, 1),
(572, '2017-05-18 19:03:22.779159', '15', 'toto', 3, '', 15, 1),
(573, '2017-05-18 19:03:22.780628', '14', 'asafsA', 3, '', 15, 1),
(574, '2017-05-18 19:03:22.801059', '13', 'asfsf', 3, '', 15, 1),
(575, '2017-05-18 19:03:22.803149', '12', 'asdsa', 3, '', 15, 1),
(576, '2017-05-18 19:03:22.805533', '11', 'wdff', 3, '', 15, 1),
(577, '2017-05-18 19:03:22.821812', '10', 'Qualshore', 3, '', 15, 1),
(578, '2017-05-18 19:04:11.332916', '40', 'adsadsdad', 3, '', 17, 1),
(579, '2017-05-18 19:04:11.418686', '39', 'dafafa', 3, '', 17, 1),
(580, '2017-05-18 19:04:11.420974', '38', 'Festi Cart', 3, '', 17, 1),
(581, '2017-05-18 19:04:11.441732', '37', 'asdsdsd', 3, '', 17, 1),
(582, '2017-05-18 19:04:11.443894', '36', 'dddsD', 3, '', 17, 1),
(583, '2017-05-18 19:04:11.446217', '35', 'asassf', 3, '', 17, 1),
(584, '2017-05-18 19:04:11.448757', '34', 'eqwqqr', 3, '', 17, 1),
(585, '2017-05-18 19:04:11.450614', '33', 'asdsad', 3, '', 17, 1),
(586, '2017-05-18 19:04:11.452480', '32', 'adsd', 3, '', 17, 1),
(587, '2017-05-18 19:04:11.454072', '31', 'adsdsd', 3, '', 17, 1),
(588, '2017-05-18 19:04:11.491080', '30', 'afafas', 3, '', 17, 1),
(589, '2017-05-18 19:04:11.493545', '29', 'afsf', 3, '', 17, 1),
(590, '2017-05-18 19:05:21.898790', '48', '0.0 0.0 adsadsdad', 3, '', 16, 1),
(591, '2017-05-18 19:05:21.900741', '47', '0.0 0.0 adsDSd', 3, '', 16, 1),
(592, '2017-05-18 19:05:21.905682', '46', '0.0 0.0 dsDd', 3, '', 16, 1),
(593, '2017-05-18 19:05:21.907457', '45', '0.0 0.0 dafafa', 3, '', 16, 1),
(594, '2017-05-18 19:05:21.909058', '44', '0.0 0.0 dDad', 3, '', 16, 1),
(595, '2017-05-18 19:05:21.910602', '43', '0.0 0.0 Festi Cart', 3, '', 16, 1),
(596, '2017-05-18 19:05:21.912147', '42', '0.0 0.0 mon institution', 3, '', 16, 1),
(597, '2017-05-18 19:05:21.949578', '41', '40.0 63.0 asdsdsd', 3, '', 16, 1),
(598, '2017-05-18 19:05:21.952129', '40', '0.0 0.0 dddsD', 3, '', 16, 1),
(599, '2017-05-18 19:05:21.954026', '39', '0.0 0.0 asassf', 3, '', 16, 1),
(600, '2017-05-18 19:05:21.955997', '38', '0.0 0.0 eqwqqr', 3, '', 16, 1),
(601, '2017-05-18 19:05:21.983754', '37', '0.0 0.0 adsdsda', 3, '', 16, 1);
INSERT INTO `django_admin_log` (`id`, `action_time`, `object_id`, `object_repr`, `action_flag`, `change_message`, `content_type_id`, `user_id`) VALUES
(602, '2017-05-18 19:05:21.985879', '36', '0.0 0.0 adasdsd', 3, '', 16, 1),
(603, '2017-05-18 19:05:21.997887', '35', '0.0 0.0 adasdsd', 3, '', 16, 1),
(604, '2017-05-18 19:05:22.000143', '34', '0.0 0.0 adsaD', 3, '', 16, 1),
(605, '2017-05-18 19:05:22.001826', '33', '0.0 0.0 afasf', 3, '', 16, 1),
(606, '2017-05-18 19:05:22.003457', '32', '0.0 0.0 dd', 3, '', 16, 1),
(607, '2017-05-18 19:05:22.050866', '31', '0.0 0.0 dd', 3, '', 16, 1),
(608, '2017-05-18 19:05:22.053185', '30', '0.0 0.0 ssdfa', 3, '', 16, 1),
(609, '2017-05-18 19:05:22.055020', '29', '0.0 0.0 wwefef', 3, '', 16, 1),
(610, '2017-05-18 19:05:22.056780', '28', '1.0 0.0 sdfdaf', 3, '', 16, 1),
(611, '2017-05-18 19:05:22.058650', '27', '0.0 0.0 asdsad', 3, '', 16, 1),
(612, '2017-05-18 19:05:22.060723', '26', '12.1221 14.12212 adsd', 3, '', 16, 1),
(613, '2017-05-18 19:05:44.891348', '25', '12.1323 14.213231 adsdsd', 3, '', 16, 1),
(614, '2017-05-18 19:05:44.893478', '24', '14.1321323 -17.23414343414 None', 3, '', 16, 1),
(615, '2017-05-18 19:05:44.895014', '23', '1212.0 12.0 MANEREWW', 3, '', 16, 1),
(616, '2017-05-18 19:05:44.896613', '22', '1.0 1.0 toto', 3, '', 16, 1),
(617, '2017-05-18 19:05:44.898105', '21', '12.0 11.0 asafsA', 3, '', 16, 1),
(618, '2017-05-18 19:05:44.899557', '20', '22.0 2121.0 asfsf', 3, '', 16, 1),
(619, '2017-05-18 19:05:44.945456', '19', '12.0 12.0 asdsa', 3, '', 16, 1),
(620, '2017-05-18 19:05:44.963417', '18', '12.121424 14.12424 afafas', 3, '', 16, 1),
(621, '2017-05-18 19:05:44.965624', '17', '12.0 12.0 afsf', 3, '', 16, 1),
(622, '2017-05-18 19:05:44.967513', '16', '12.0 12.23 wdff', 3, '', 16, 1),
(623, '2017-05-18 19:05:44.969369', '15', '12.0 12.0 wdqe', 3, '', 16, 1),
(624, '2017-05-18 19:05:44.971115', '14', '12.0 12.0 acsd', 3, '', 16, 1),
(625, '2017-05-18 19:05:44.972843', '13', '12.0 12.0 acsd', 3, '', 16, 1),
(626, '2017-05-18 19:05:44.974451', '12', '14.214242 -17.2434124 sacafasf', 3, '', 16, 1),
(627, '2017-05-18 19:06:07.662135', '46', '00221771096893', 3, '', 14, 1),
(628, '2017-05-19 10:46:48.701068', '3', 'asdsd', 1, '[{\"added\": {}}]', 11, 1),
(629, '2017-05-19 10:47:15.546815', '4', 'None', 1, '[{\"added\": {}}]', 11, 1),
(630, '2017-05-22 11:59:10.732644', '50', 'adasdsa', 3, '', 20, 1),
(631, '2017-05-22 11:59:10.763147', '49', 'sDsdsd', 3, '', 20, 1),
(632, '2017-05-22 11:59:10.778323', '48', 'QSDQDD', 3, '', 20, 1),
(633, '2017-05-22 11:59:10.780696', '47', 'adasdsd', 3, '', 20, 1),
(634, '2017-05-22 11:59:10.782563', '46', 'cart test', 3, '', 20, 1),
(635, '2017-05-22 11:59:10.784541', '45', 'qdqwwqe', 3, '', 20, 1),
(636, '2017-05-22 11:59:10.786423', '44', 'ASDSADS', 3, '', 20, 1),
(637, '2017-05-22 11:59:10.788309', '43', 'dscaasd', 3, '', 20, 1),
(638, '2017-05-22 11:59:10.790241', '42', 'sdada', 3, '', 20, 1),
(639, '2017-05-22 11:59:10.792048', '41', 'adsasdsad', 3, '', 20, 1),
(640, '2017-05-22 11:59:10.793815', '40', 'dasd', 3, '', 20, 1),
(641, '2017-05-22 11:59:10.795674', '39', 'dcads111111', 3, '', 20, 1),
(642, '2017-05-22 11:59:10.797445', '38', 'qeffwq', 3, '', 20, 1),
(643, '2017-05-22 11:59:10.799033', '37', 'afsf', 3, '', 20, 1),
(644, '2017-05-22 11:59:10.800559', '36', 'qdqwd', 3, '', 20, 1),
(645, '2017-05-22 11:59:10.802168', '35', 'QS FETE', 3, '', 20, 1),
(646, '2017-05-22 11:59:10.804007', '34', '9.2343434', 3, '', 20, 1),
(647, '2017-05-22 11:59:10.805475', '33', '9.2343434', 3, '', 20, 1),
(648, '2017-05-22 11:59:10.807118', '32', '9.2343434', 3, '', 20, 1),
(649, '2017-05-22 11:59:10.808816', '31', '9.2343434', 3, '', 20, 1),
(650, '2017-05-22 11:59:10.810530', '30', '9.2343434', 3, '', 20, 1),
(651, '2017-05-22 11:59:10.812620', '29', '9.2343434', 3, '', 20, 1),
(652, '2017-05-22 11:59:10.814305', '28', 'qs_masoow', 3, '', 20, 1),
(653, '2017-05-22 11:59:10.817067', '27', 'feqfqfas', 3, '', 20, 1),
(654, '2017-05-22 11:59:10.819254', '26', 'feqfqf', 3, '', 20, 1),
(655, '2017-05-22 11:59:10.821289', '25', 'qwdwd', 3, '', 20, 1),
(656, '2017-05-22 11:59:10.822789', '24', 'happy_rek', 3, '', 20, 1),
(657, '2017-05-22 11:59:10.824271', '23', 'happy_rek', 3, '', 20, 1),
(658, '2017-05-22 11:59:10.826242', '22', 'un autre groupe', 3, '', 20, 1),
(659, '2017-05-22 11:59:10.828735', '21', 'groupe teste', 3, '', 20, 1),
(660, '2017-05-22 11:59:10.830489', '20', '23434', 3, '', 20, 1),
(661, '2017-05-22 11:59:10.832037', '19', 'qs_party', 3, '', 20, 1),
(662, '2017-05-22 11:59:10.833496', '18', '67', 3, '', 20, 1),
(663, '2017-05-22 11:59:10.835766', '17', '34', 3, '', 20, 1),
(664, '2017-05-22 11:59:10.838176', '16', '12', 3, '', 20, 1),
(665, '2017-05-22 11:59:10.839827', '15', 'ewgrgwr', 3, '', 20, 1),
(666, '2017-05-22 11:59:10.841335', '14', 'wfeqqwr', 3, '', 20, 1),
(667, '2017-05-22 11:59:10.866606', '13', 'dfqdfqwd', 3, '', 20, 1),
(668, '2017-05-22 11:59:10.869175', '12', '22', 3, '', 20, 1),
(669, '2017-05-22 11:59:10.870831', '11', '1.1111', 3, '', 20, 1),
(670, '2017-05-22 11:59:10.872718', '10', 'fqfqef', 3, '', 20, 1),
(671, '2017-05-22 11:59:10.874650', '9', 'qqwrq', 3, '', 20, 1),
(672, '2017-05-22 11:59:10.877004', '8', 'qqwrq', 3, '', 20, 1),
(673, '2017-05-22 11:59:10.880170', '7', 'dsadvs', 3, '', 20, 1),
(674, '2017-05-22 11:59:10.882984', '6', 'sdcas', 3, '', 20, 1),
(675, '2017-05-22 11:59:10.885235', '5', 'sdadffsa', 3, '', 20, 1),
(676, '2017-05-22 11:59:10.886845', '4', 'alioun', 3, '', 20, 1),
(677, '2017-05-22 11:59:10.888351', '3', 'thiamy', 3, '', 20, 1),
(678, '2017-05-22 11:59:10.890102', '2', 'Qs_group', 3, '', 20, 1),
(679, '2017-05-22 11:59:10.892599', '1', 'Qs_group', 3, '', 20, 1),
(680, '2017-05-22 11:59:30.670698', '3', '2017-05-02 09:24:32', 3, '', 11, 1),
(681, '2017-05-22 11:59:45.367241', '2', '2017-05-11 11:12:02', 3, '', 15, 1),
(682, '2017-05-22 11:59:45.425383', '1', '2017-05-02 09:24:32', 3, '', 15, 1),
(683, '2017-05-22 12:02:52.509518', '2', '14.123322323 -17.24141444 None', 3, '', 19, 1),
(684, '2017-05-22 12:02:52.511392', '1', '14.74511 -17.490248 Qualshore', 3, '', 19, 1),
(685, '2017-05-22 12:04:11.558614', '16', '14.572950835033 -16.6387939453125 asdsadsa', 3, '', 16, 1),
(686, '2017-05-22 12:04:11.561048', '15', '14.5516840561434 -15.8258056640625 adasd', 3, '', 16, 1),
(687, '2017-05-22 12:04:11.563047', '14', '14.123322323 -17.24141444 None', 3, '', 16, 1),
(688, '2017-05-22 12:04:11.615466', '13', '0.0 0.0 asdsd', 3, '', 16, 1),
(689, '2017-05-22 12:04:11.638339', '12', '0.0 0.0 aadsds', 3, '', 16, 1),
(690, '2017-05-22 12:05:32.894922', '25', '2017-05-10', 3, '', 10, 1),
(691, '2017-05-22 12:05:32.897231', '24', '2017-05-10', 3, '', 10, 1),
(692, '2017-05-22 12:05:32.902525', '23', '2017-05-10', 3, '', 10, 1),
(693, '2017-05-22 12:05:32.904285', '22', '2017-05-10', 3, '', 10, 1),
(694, '2017-05-22 12:05:32.906317', '21', '2017-05-10', 3, '', 10, 1),
(695, '2017-05-22 12:05:32.907897', '20', '2017-05-10', 3, '', 10, 1),
(696, '2017-05-22 12:05:32.909365', '19', '2017-05-10', 3, '', 10, 1),
(697, '2017-05-22 12:05:32.963947', '18', '2017-05-10', 3, '', 10, 1),
(698, '2017-05-22 12:05:33.010582', '17', '2017-05-10', 3, '', 10, 1),
(699, '2017-05-22 12:05:33.012739', '16', '2017-05-10', 3, '', 10, 1),
(700, '2017-05-22 12:05:33.014596', '15', '2017-05-10', 3, '', 10, 1),
(701, '2017-05-22 12:05:33.016303', '14', '2017-05-10', 3, '', 10, 1),
(702, '2017-05-22 12:05:33.017915', '13', '2017-05-10', 3, '', 10, 1),
(703, '2017-05-22 12:05:33.020071', '12', '2017-05-10', 3, '', 10, 1),
(704, '2017-05-22 12:05:33.021786', '11', '2017-05-10', 3, '', 10, 1),
(705, '2017-05-22 12:05:33.023444', '10', '2017-05-09', 3, '', 10, 1),
(706, '2017-05-22 12:05:33.025125', '9', '2017-05-08', 3, '', 10, 1),
(707, '2017-05-22 12:05:33.027074', '8', '2017-05-08', 3, '', 10, 1),
(708, '2017-05-22 12:05:33.029079', '7', '2017-05-08', 3, '', 10, 1),
(709, '2017-05-22 12:05:33.030695', '6', '2017-05-08', 3, '', 10, 1),
(710, '2017-05-22 12:05:33.032385', '5', '2017-05-08', 3, '', 10, 1),
(711, '2017-05-22 12:05:33.033921', '4', '2017-05-08', 3, '', 10, 1),
(712, '2017-05-22 12:05:33.035864', '3', '2017-05-08', 3, '', 10, 1),
(713, '2017-05-22 12:05:33.037413', '2', '2017-05-08', 3, '', 10, 1),
(714, '2017-05-22 12:05:33.038845', '1', '2017-05-08', 3, '', 10, 1),
(715, '2017-05-22 12:08:13.786609', '82', '221775061079', 3, '', 9, 1),
(716, '2017-05-22 12:08:13.788774', '81', '13332', 3, '', 9, 1),
(717, '2017-05-22 12:08:13.841058', '80', '13122313', 3, '', 9, 1),
(718, '2017-05-22 12:08:13.849711', '76', '221707529618', 3, '', 9, 1),
(719, '2017-05-22 12:08:13.852032', '75', 'None', 3, '', 9, 1),
(720, '2017-05-22 12:08:13.854124', '74', '777915050', 3, '', 9, 1),
(721, '2017-05-22 12:08:13.858538', '73', '64664', 3, '', 9, 1),
(722, '2017-05-22 12:08:13.885442', '72', '4644634931', 3, '', 9, 1),
(723, '2017-05-22 12:08:13.887595', '71', '221773782020', 3, '', 9, 1),
(724, '2017-05-22 12:08:13.889395', '70', '221773782043885', 3, '', 9, 1),
(725, '2017-05-22 12:08:13.891152', '69', '22177378204388', 3, '', 9, 1),
(726, '2017-05-22 12:08:13.906899', '68', '2217737820438', 3, '', 9, 1),
(727, '2017-05-22 12:08:13.909114', '67', '22177378204384', 3, '', 9, 1),
(728, '2017-05-22 12:08:13.911040', '66', '22177378204356', 3, '', 9, 1),
(729, '2017-05-22 12:08:13.912602', '65', '777090909', 3, '', 9, 1),
(730, '2017-05-22 12:08:13.914108', '64', '22177378204394', 3, '', 9, 1),
(731, '2017-05-22 12:08:13.915629', '63', '22177378204349', 3, '', 9, 1),
(732, '2017-05-22 12:08:13.917251', '62', '2217737820436', 3, '', 9, 1),
(733, '2017-05-22 12:08:13.919433', '61', '777915099', 3, '', 9, 1),
(734, '2017-05-22 12:08:13.921635', '60', '464944', 3, '', 9, 1),
(735, '2017-05-22 12:08:13.923879', '59', '6949464', 3, '', 9, 1),
(736, '2017-05-22 12:08:13.925449', '58', '649494', 3, '', 9, 1),
(737, '2017-05-22 12:08:13.927494', '56', '66546644', 3, '', 9, 1),
(738, '2017-05-22 12:08:13.929687', '55', '6464466', 3, '', 9, 1),
(739, '2017-05-22 12:08:13.931480', '54', '5464946461', 3, '', 9, 1),
(740, '2017-05-22 12:08:13.933371', '53', '221773782043', 3, '', 9, 1),
(741, '2017-05-22 12:08:29.133211', '52', '775611979', 3, '', 9, 1),
(742, '2017-05-22 12:08:29.156779', '51', '554212121', 3, '', 9, 1),
(743, '2017-05-22 12:08:29.158477', '50', '2217737820439467', 3, '', 9, 1),
(744, '2017-05-22 12:08:29.160332', '49', '2217737820434949', 3, '', 9, 1),
(745, '2017-05-22 12:08:29.161841', '48', '22177378204349764', 3, '', 9, 1),
(746, '2017-05-22 12:26:23.346024', '1', '00221771096893', 2, '[{\"changed\": {\"fields\": [\"photo\"]}}]', 9, 1),
(747, '2017-05-22 13:02:57.389532', '1', 'afasfsafsf', 1, '[{\"added\": {}}]', 15, 1),
(748, '2017-05-22 13:03:19.270634', '1', 'afasfsafsf', 1, '[{\"added\": {}}]', 11, 1),
(749, '2017-05-22 13:04:06.134736', '1', 'asdds', 1, '[{\"added\": {}}]', 20, 1),
(750, '2017-05-22 13:04:21.245253', '1', 'adsdsad', 1, '[{\"added\": {}}]', 17, 1),
(751, '2017-05-22 13:04:41.558184', '2', 'None', 1, '[{\"added\": {}}]', 11, 1),
(752, '2017-05-23 11:19:53.024435', '1', '2017-05-25 00:00:00', 2, '[]', 11, 1),
(753, '2017-05-23 11:19:59.887510', '2', 'None', 2, '[]', 11, 1),
(754, '2017-05-23 11:20:13.962278', '1', '00221771096893', 1, '[{\"added\": {}}]', 14, 1),
(755, '2017-05-23 11:20:23.705617', '1', '00221771096893', 2, '[]', 14, 1),
(756, '2017-05-23 11:20:29.656776', '2', '00221771096893', 1, '[{\"added\": {}}]', 14, 1),
(757, '2017-05-23 11:27:00.533457', '1', '00221771096893', 1, '[{\"added\": {}}]', 13, 1),
(758, '2017-05-23 12:46:15.860412', '1', '2017-05-25 00:00:00', 2, '[{\"changed\": {\"fields\": [\"date_begin\", \"date_end\"]}}]', 15, 1),
(759, '2017-05-23 12:46:17.734150', '1', '2017-05-25 00:00:00', 2, '[]', 11, 1),
(760, '2017-05-23 12:47:08.513968', '1', 'adsdsad', 2, '[{\"changed\": {\"fields\": [\"date_begin\", \"date_end\"]}}]', 17, 1),
(761, '2017-05-23 12:47:10.476849', '2', 'None', 2, '[]', 11, 1),
(762, '2017-05-23 16:18:59.260990', '1', '00221771096893', 2, '[]', 13, 1),
(763, '2017-05-24 10:25:36.300756', '2', 'fassff', 1, '[{\"added\": {}}]', 15, 1),
(764, '2017-05-24 10:25:39.982935', '3', 'fassff', 1, '[{\"added\": {}}]', 11, 1),
(765, '2017-05-24 10:31:13.785873', '2', '00221771096893', 1, '[{\"added\": {}}]', 13, 1),
(766, '2017-05-24 13:05:49.428579', '2', '00221771096893', 2, '[]', 13, 1),
(767, '2017-05-24 13:05:55.562091', '1', '00221771096893', 2, '[]', 13, 1),
(768, '2017-05-24 14:49:34.941769', '2', '00221771096893', 2, '[]', 14, 1),
(769, '2017-05-24 15:57:06.748091', '3', '554212121', 2, '[]', 14, 1),
(770, '2017-05-24 15:58:46.533048', '3', 'Soiree de galla', 2, '[]', 17, 1),
(771, '2017-05-24 15:59:16.777526', '4', 'None', 2, '[]', 11, 1),
(772, '2017-05-24 15:59:24.209465', '5', 'None', 2, '[]', 11, 1),
(773, '2017-05-24 15:59:48.120202', '2', 'Anniversaire de Mamadou', 2, '[]', 17, 1),
(774, '2017-05-24 16:00:10.326027', '4', 'None', 2, '[]', 11, 1),
(775, '2017-05-26 10:33:01.475572', '3', '14.706403 -17.253347 ETM_TRANS', 1, '[{\"added\": {}}]', 19, 1),
(776, '2017-05-26 10:33:21.638302', '3', 'Request_Receivers object', 1, '[{\"added\": {}}]', 18, 1),
(777, '2017-05-26 10:53:21.125422', '5', '00221771096893', 1, '[{\"added\": {}}]', 13, 1),
(778, '2017-05-26 11:26:16.966232', '1', '2017-05-25 00:00:00', 2, '[]', 15, 1),
(779, '2017-05-26 11:26:30.630474', '1', '00221771096893', 2, '[]', 9, 1),
(780, '2017-05-26 11:26:34.005246', '1', '2017-05-25 00:00:00', 2, '[]', 11, 1),
(781, '2017-05-26 11:32:53.312881', '2', 'fassff', 2, '[]', 15, 1),
(782, '2017-05-26 12:24:27.180638', '3', 'groupe_gala', 2, '[]', 20, 1),
(783, '2017-05-26 12:47:22.627359', '3', 'groupe_gala', 2, '[]', 20, 1),
(784, '2017-05-26 13:03:16.296488', '3', 'groupe_gala', 2, '[]', 20, 1),
(785, '2017-05-26 13:10:57.544342', '4', '554212121', 2, '[]', 13, 1),
(786, '2017-05-26 15:49:21.668905', '2', '2017-05-26 15:48:35.290992', 3, '', 21, 1),
(787, '2017-05-26 15:53:00.081248', '3', '2017-05-26 15:52:21', 2, '[]', 21, 1),
(788, '2017-05-26 15:53:06.549747', '3', '2017-05-26 15:52:21', 3, '', 21, 1),
(789, '2017-05-26 16:07:50.983114', '4', '2017-05-26 16:07:00', 2, '[]', 21, 1),
(790, '2017-05-26 16:10:28.913020', '5', '2017-05-26 16:10:12', 2, '[]', 21, 1),
(791, '2017-05-26 16:10:34.739160', '6', '2017-05-26 16:10:12', 2, '[]', 21, 1),
(792, '2017-05-26 16:10:40.258620', '6', '2017-05-26 16:10:12', 2, '[]', 21, 1),
(793, '2017-05-26 16:10:44.231560', '5', '2017-05-26 16:10:12', 2, '[]', 21, 1),
(794, '2017-05-26 16:10:54.253071', '4', '2017-05-26 16:07:00', 2, '[]', 21, 1),
(795, '2017-05-26 16:11:01.586431', '7', '2017-05-26 16:10:12.153162', 3, '', 21, 1),
(796, '2017-05-26 16:11:01.600125', '6', '2017-05-26 16:10:12', 3, '', 21, 1),
(797, '2017-05-26 16:11:01.602963', '5', '2017-05-26 16:10:12', 3, '', 21, 1),
(798, '2017-05-26 16:11:01.604839', '4', '2017-05-26 16:07:00', 3, '', 21, 1),
(799, '2017-05-26 16:11:26.611884', '8', '2017-05-26 16:10:12', 2, '[]', 21, 1),
(800, '2017-05-26 16:11:34.071705', '9', '2017-05-26 16:10:12', 2, '[]', 21, 1),
(801, '2017-05-26 16:11:41.107303', '10', '2017-05-26 16:10:12', 2, '[]', 21, 1),
(802, '2017-05-26 16:11:46.535985', '10', '2017-05-26 16:10:12', 3, '', 21, 1),
(803, '2017-05-26 16:11:46.537972', '9', '2017-05-26 16:10:12', 3, '', 21, 1),
(804, '2017-05-26 16:11:46.594680', '8', '2017-05-26 16:10:12', 3, '', 21, 1),
(805, '2017-05-26 16:16:41.116100', '12', '2017-05-26 16:13:37', 2, '[]', 21, 1),
(806, '2017-05-26 16:16:47.974094', '11', '2017-05-26 16:13:37.316968', 3, '', 21, 1),
(807, '2017-05-26 16:16:55.812210', '12', '2017-05-26 16:13:37', 3, '', 21, 1),
(808, '2017-05-29 09:27:59.581571', '4', '2', 2, '[{\"changed\": {\"fields\": [\"is_active\"]}}]', 24, 1),
(809, '2017-05-29 09:33:42.731606', '4', '2', 2, '[]', 24, 1),
(810, '2017-05-29 10:00:35.033580', '4', '2017-05-29 10:00:06.147965', 3, '', 21, 1),
(811, '2017-05-29 10:00:42.553081', '3', '2017-05-29 09:57:19.837625', 3, '', 21, 1),
(812, '2017-05-29 10:00:42.573506', '2', '2017-05-29 09:04:32.347361', 3, '', 21, 1),
(813, '2017-05-29 10:00:42.576184', '1', '2017-05-29 09:04:32.347361', 3, '', 21, 1),
(814, '2017-05-29 11:14:49.761459', '5', '2017-05-29 11:08:35', 2, '[]', 21, 1),
(815, '2017-05-29 11:16:31.374211', '6', '2017-05-29 11:15:21', 1, '[{\"added\": {}}]', 21, 1),
(816, '2017-05-29 11:49:46.839628', '6', 'None', 2, '[]', 11, 1),
(817, '2017-05-29 11:49:55.968571', '5', 'None', 2, '[]', 11, 1),
(818, '2017-05-29 11:50:12.907886', '4', 'None', 2, '[]', 11, 1),
(819, '2017-05-29 11:50:26.772923', '6', '554212121', 2, '[]', 13, 1),
(820, '2017-05-29 11:53:17.274911', '5', '00221771096893', 2, '[]', 13, 1),
(821, '2017-05-29 11:53:45.372685', '2', 'fassff', 2, '[{\"changed\": {\"fields\": [\"date_end\"]}}]', 15, 1),
(822, '2017-05-29 11:53:56.293627', '3', 'fassff', 2, '[]', 11, 1),
(823, '2017-05-29 11:54:54.636637', '3', '14.706403 -17.253347 ETM_TRANS', 2, '[{\"changed\": {\"fields\": [\"date_receivers\"]}}]', 19, 1),
(824, '2017-05-29 11:54:56.184784', '3', 'Request_Receivers object', 2, '[]', 18, 1),
(825, '2017-05-29 15:10:33.500288', '7', '777915099', 1, '[{\"added\": {}}]', 13, 1),
(826, '2017-05-29 15:10:40.555859', '7', '777915099', 2, '[{\"changed\": {\"fields\": [\"state\"]}}]', 13, 1),
(827, '2017-05-29 15:12:47.259150', '5', '00221771096893', 2, '[]', 13, 1),
(828, '2017-05-29 15:13:09.225883', '7', '777915099', 2, '[]', 13, 1),
(829, '2017-05-29 15:14:39.867785', '8', '777915099', 1, '[{\"added\": {}}]', 13, 1),
(830, '2017-05-29 15:15:15.860265', '8', '777915099', 2, '[]', 13, 1),
(831, '2017-05-29 15:16:50.625339', '2', 'Anniversaire de Mamadou', 2, '[]', 17, 1),
(832, '2017-05-29 15:16:52.623855', '4', 'None', 2, '[]', 11, 1),
(833, '2017-05-29 15:17:09.491076', '2', 'anniversaire_moms', 2, '[]', 20, 1),
(834, '2017-05-29 15:17:41.248651', '2', 'anniversaire_moms', 2, '[]', 20, 1),
(835, '2017-05-29 15:18:52.452301', '2', 'anniversaire_moms', 2, '[]', 20, 1),
(836, '2017-05-29 15:19:09.368184', '4', 'gs_spot', 2, '[]', 20, 1),
(837, '2017-05-29 16:42:47.104642', '1', 'asdds', 2, '[]', 20, 1),
(838, '2017-05-29 16:43:00.490913', '1', 'asdds', 2, '[]', 20, 1),
(839, '2017-05-30 09:16:21.142022', '2', 'fassff', 2, '[]', 15, 1),
(840, '2017-05-30 10:26:38.613908', '4', 'None', 2, '[]', 11, 1),
(841, '2017-05-30 10:27:22.824091', '17', '00221771096893', 1, '[{\"added\": {}}]', 13, 1),
(842, '2017-05-30 10:28:02.018038', '2', 'Anniversaire de Mamadou', 2, '[{\"changed\": {\"fields\": [\"date_end\"]}}]', 17, 1),
(843, '2017-05-30 10:28:04.076177', '4', 'None', 2, '[]', 11, 1),
(844, '2017-05-30 10:41:44.380138', '9', '14.722282 -17.49489 Monument de la renaissance', 1, '[{\"added\": {}}]', 19, 1),
(845, '2017-05-30 10:41:54.040391', '9', '14.722282 -17.49489 Monument de la renaissance', 3, '', 19, 1),
(846, '2017-05-30 11:29:08.291461', '17', '00221771096893', 2, '[]', 13, 1),
(847, '2017-05-30 11:29:15.940740', '5', '00221771096893', 2, '[]', 13, 1),
(848, '2017-05-30 11:29:37.833212', '20', '00221771096893', 1, '[{\"added\": {}}]', 13, 1),
(849, '2017-05-30 11:30:36.866960', '20', '00221771096893', 2, '[]', 13, 1),
(850, '2017-05-30 11:31:18.609680', '6', 'qs_test_event', 2, '[]', 20, 1),
(851, '2017-05-30 12:26:21.255166', '18', '14.722282 -17.49489 Monument de la renaissance', 3, '', 19, 1),
(852, '2017-05-30 12:26:44.542188', '19', '14.722282 -17.49489 Monument de la renaissance', 3, '', 19, 1),
(853, '2017-05-30 12:27:45.912897', '20', '14.722282 -17.49489 Monument de la renaissance', 3, '', 19, 1),
(854, '2017-05-30 12:28:51.705938', '21', '14.722282 -17.49489 Monument de la renaissance', 3, '', 19, 1),
(855, '2017-05-30 12:29:57.098208', '22', '14.722282 -17.49489 Monument de la renaissance', 3, '', 19, 1),
(856, '2017-05-30 12:31:28.113549', '23', '14.722282 -17.49489 Monument de la renaissance', 3, '', 19, 1),
(857, '2017-05-30 13:04:14.215274', '1', 'asdds', 2, '[]', 20, 1),
(858, '2017-05-30 13:05:50.160624', '11', '2017-05-30 13:05:24', 2, '[]', 21, 1),
(859, '2017-05-30 13:06:02.773172', '11', '2017-05-30 13:05:24', 3, '', 21, 1),
(860, '2017-05-30 13:06:02.775396', '10', '2017-05-30 13:05:24.299808', 3, '', 21, 1),
(861, '2017-05-30 13:06:02.777335', '9', '2017-05-30 13:05:24.299808', 3, '', 21, 1),
(862, '2017-05-30 13:06:02.778815', '8', '2017-05-30 13:04:36.015457', 3, '', 21, 1),
(863, '2017-05-30 13:06:02.780238', '7', '2017-05-30 13:02:14.284342', 3, '', 21, 1),
(864, '2017-05-30 13:18:17.586161', '23', '2017-05-30 13:16:43.101724', 3, '', 21, 1),
(865, '2017-05-30 13:18:17.588525', '22', '2017-05-30 13:16:43.101724', 3, '', 21, 1),
(866, '2017-05-30 13:18:17.590516', '21', '2017-05-30 13:16:43.101724', 3, '', 21, 1),
(867, '2017-05-30 13:18:17.592186', '20', '2017-05-30 13:12:30.438756', 3, '', 21, 1),
(868, '2017-05-30 13:18:17.593630', '19', '2017-05-30 13:12:30.438756', 3, '', 21, 1),
(869, '2017-05-30 13:18:17.595152', '18', '2017-05-30 13:12:30.438756', 3, '', 21, 1),
(870, '2017-05-30 13:19:20.146211', '26', '2017-05-30 13:18:05.522606', 3, '', 21, 1),
(871, '2017-05-30 13:19:27.394936', '25', '2017-05-30 13:18:05.522606', 3, '', 21, 1),
(872, '2017-05-30 13:19:33.677009', '24', '2017-05-30 13:18:05.522606', 3, '', 21, 1),
(873, '2017-05-30 13:19:44.259621', '17', '2017-05-30 13:12:07.839744', 3, '', 21, 1),
(874, '2017-05-30 13:19:44.261990', '16', '2017-05-30 13:12:07.839744', 3, '', 21, 1),
(875, '2017-05-30 13:19:44.267291', '15', '2017-05-30 13:12:07.839744', 3, '', 21, 1),
(876, '2017-05-30 13:19:44.268965', '14', '2017-05-30 13:05:24.299808', 3, '', 21, 1),
(877, '2017-05-30 14:38:33.243213', '27', '2017-05-30 13:21:07', 2, '[]', 21, 1),
(878, '2017-05-30 14:43:24.012909', '33', '2017-05-30 14:35:18.536284', 3, '', 21, 1),
(879, '2017-05-30 14:43:24.015103', '32', '2017-05-30 14:35:18.536284', 3, '', 21, 1),
(880, '2017-05-30 14:43:24.017004', '31', '2017-05-30 14:35:18.536284', 3, '', 21, 1),
(881, '2017-05-30 14:43:24.018461', '30', '2017-05-30 14:35:18.536284', 3, '', 21, 1),
(882, '2017-05-30 14:43:24.019835', '29', '2017-05-30 14:35:18.536284', 3, '', 21, 1),
(883, '2017-05-30 14:43:24.021218', '28', '2017-05-30 13:21:07.657003', 3, '', 21, 1),
(884, '2017-05-30 14:43:24.022579', '27', '2017-05-30 13:21:07', 3, '', 21, 1),
(885, '2017-05-30 14:43:24.079985', '13', '2017-05-30 13:05:24.299808', 3, '', 21, 1),
(886, '2017-05-30 14:43:24.082076', '12', '2017-05-30 13:05:24.299808', 3, '', 21, 1),
(887, '2017-05-30 14:43:24.083964', '6', '2017-05-29 11:15:21', 3, '', 21, 1),
(888, '2017-05-30 14:43:24.085707', '5', '2017-05-29 11:08:35', 3, '', 21, 1),
(889, '2017-05-30 14:57:17.346072', '35', '2017-05-30 14:56:39.345298', 3, '', 21, 1),
(890, '2017-05-30 14:57:17.418168', '34', '2017-05-30 14:52:58.221615', 3, '', 21, 1),
(891, '2017-05-30 15:07:07.972008', '36', '2017-05-30 15:05:20.555901', 3, '', 21, 1),
(892, '2017-05-30 15:09:04.272692', '37', '2017-05-30 15:06:58.776082', 3, '', 21, 1),
(893, '2017-05-30 15:10:25.328150', '39', '2017-05-30 15:09:54.926893', 3, '', 21, 1),
(894, '2017-05-30 15:10:25.347037', '38', '2017-05-30 15:08:55.112205', 3, '', 21, 1),
(895, '2017-05-30 15:19:40.306287', '40', '2017-05-30 15:10:17.888294', 3, '', 21, 1),
(896, '2017-05-30 15:24:06.718641', '42', '2017-05-30 15:22:17.723485', 3, '', 21, 1),
(897, '2017-05-30 15:24:06.739687', '41', '2017-05-30 15:19:26.946713', 3, '', 21, 1),
(898, '2017-05-30 15:36:09.232743', '45', '2017-05-30 15:34:20.843139', 3, '', 21, 1),
(899, '2017-05-30 15:36:09.279721', '44', '2017-05-30 15:25:55.559894', 3, '', 21, 1),
(900, '2017-05-30 15:36:09.281910', '43', '2017-05-30 15:25:55.559894', 3, '', 21, 1);

-- --------------------------------------------------------

--
-- Structure de la table `django_content_type`
--

CREATE TABLE `django_content_type` (
  `id` int(11) NOT NULL,
  `app_label` varchar(100) NOT NULL,
  `model` varchar(100) NOT NULL
) ENGINE=InnoDB DEFAULT CHARSET=latin1;

--
-- Contenu de la table `django_content_type`
--

INSERT INTO `django_content_type` (`id`, `app_label`, `model`) VALUES
(1, 'admin', 'logentry'),
(3, 'auth', 'group'),
(4, 'auth', 'permission'),
(2, 'auth', 'user'),
(20, 'chatroom', 'chatgroup'),
(22, 'chatroom', 'media'),
(21, 'chatroom', 'message'),
(5, 'contenttypes', 'contenttype'),
(23, 'fcm', 'device'),
(19, 'jmrequests', 'request'),
(18, 'jmrequests', 'request_receivers'),
(11, 'jmspots', 'card'),
(12, 'jmspots', 'category'),
(17, 'jmspots', 'event'),
(15, 'jmspots', 'institution'),
(16, 'jmspots', 'spot'),
(13, 'jmspots', 'usercard'),
(14, 'jmspots', 'usercardfavourite'),
(6, 'sessions', 'session'),
(10, 'users', 'favouritecontact'),
(8, 'users', 'interest'),
(7, 'users', 'log'),
(24, 'users', 'mydevice'),
(9, 'users', 'user');

-- --------------------------------------------------------

--
-- Structure de la table `django_migrations`
--

CREATE TABLE `django_migrations` (
  `id` int(11) NOT NULL,
  `app` varchar(255) NOT NULL,
  `name` varchar(255) NOT NULL,
  `applied` datetime(6) NOT NULL
) ENGINE=InnoDB DEFAULT CHARSET=latin1;

--
-- Contenu de la table `django_migrations`
--

INSERT INTO `django_migrations` (`id`, `app`, `name`, `applied`) VALUES
(1, 'contenttypes', '0001_initial', '2017-03-03 16:39:24.543172'),
(2, 'auth', '0001_initial', '2017-03-03 16:39:43.227768'),
(3, 'admin', '0001_initial', '2017-03-03 16:39:48.150120'),
(4, 'admin', '0002_logentry_remove_auto_add', '2017-03-03 16:39:48.283190'),
(5, 'contenttypes', '0002_remove_content_type_name', '2017-03-03 16:39:50.775015'),
(6, 'auth', '0002_alter_permission_name_max_length', '2017-03-03 16:39:52.161040'),
(7, 'auth', '0003_alter_user_email_max_length', '2017-03-03 16:39:53.404591'),
(8, 'auth', '0004_alter_user_username_opts', '2017-03-03 16:39:53.532913'),
(9, 'auth', '0005_alter_user_last_login_null', '2017-03-03 16:39:55.008574'),
(10, 'auth', '0006_require_contenttypes_0002', '2017-03-03 16:39:55.061726'),
(11, 'auth', '0007_alter_validators_add_error_messages', '2017-03-03 16:39:55.144526'),
(12, 'auth', '0008_alter_user_username_max_length', '2017-03-03 16:39:57.129049'),
(13, 'users', '0001_initial', '2017-03-03 16:40:13.541937'),
(14, 'chatroom', '0001_initial', '2017-03-03 16:40:28.600363'),
(15, 'jmspots', '0001_initial', '2017-03-03 16:41:10.128342'),
(16, 'jmrequests', '0001_initial', '2017-03-03 16:41:21.470998'),
(17, 'sessions', '0001_initial', '2017-03-03 16:41:22.553712'),
(18, 'jmspots', '0002_card_is_public', '2017-03-03 18:51:13.113951'),
(19, 'jmspots', '0003_usercard_is_active', '2017-03-06 15:44:08.645767'),
(20, 'jmspots', '0004_event_user', '2017-03-07 10:29:32.455420'),
(21, 'users', '0002_auto_20170308_1946', '2017-03-08 19:46:20.590321'),
(22, 'jmrequests', '0002_request_tobejoined', '2017-03-13 11:07:29.224649'),
(23, 'jmspots', '0004_auto_20170327_0849', '2017-03-27 08:49:41.118040'),
(24, 'jmspots', '0005_remove_event_date_begin', '2017-03-27 08:54:46.914777'),
(25, 'fcm', '0001_initial', '2017-04-10 14:55:41.957136'),
(26, 'fcm', '0002_auto_20170410_1454', '2017-04-10 14:55:42.055708'),
(27, 'users', '0003_mydevice', '2017-04-12 12:16:45.134971'),
(28, 'fcm', '0002_auto_20170427_1528', '2017-05-12 09:32:48.568906'),
(29, 'jmspots', '0006_event_date_begin', '2017-05-12 09:33:34.043095'),
(30, 'jmspots', '0007_auto_20170512_0951', '2017-05-12 10:08:33.689571'),
(31, 'jmspots', '0008_auto_20170512_1005', '2017-05-12 10:08:33.899965'),
(32, 'jmspots', '0009_auto_20170512_1007', '2017-05-12 10:08:33.915803'),
(33, 'jmspots', '0010_usercardfavourite_state', '2017-05-24 14:48:29.173543'),
(34, 'chatroom', '0002_auto_20170526_1221', '2017-05-26 12:21:57.487795'),
(35, 'chatroom', '0003_message_date_created', '2017-05-26 15:47:49.020805'),
(36, 'chatroom', '0004_auto_20170530_1444', '2017-05-30 14:45:38.358755');

-- --------------------------------------------------------

--
-- Structure de la table `django_session`
--

CREATE TABLE `django_session` (
  `session_key` varchar(40) NOT NULL,
  `session_data` longtext NOT NULL,
  `expire_date` datetime(6) NOT NULL
) ENGINE=InnoDB DEFAULT CHARSET=latin1;

--
-- Contenu de la table `django_session`
--

INSERT INTO `django_session` (`session_key`, `session_data`, `expire_date`) VALUES
('0bejc5bo7icypenqzjszj7ojol4ig9ps', 'NGRhMWYyYjI1NGRkYTJhODY1MGVkNzJiNzg1OWEwZDVlOWIwMDM0ZTp7ImlkIjo1MSwidGVsZXBob25lIjoiNTU0MjEyMTIxIiwibGFzdF9uYW1lIjoicmVzdGUiLCJmaXJzdF9uYW1lIjoidXNlciJ9', '2017-05-24 16:18:54.780233'),
('165rzusjr6cvwipde3y9mcgjkcv62uup', 'NWNlYzlmZmM2NDQ1MTNiZGJlMzUzN2VmMGUzOGFjNDVhYjE4NTJkNTp7Il9hdXRoX3VzZXJfaWQiOiIxIiwiX2F1dGhfdXNlcl9iYWNrZW5kIjoiZGphbmdvLmNvbnRyaWIuYXV0aC5iYWNrZW5kcy5Nb2RlbEJhY2tlbmQiLCJfYXV0aF91c2VyX2hhc2giOiJhZTAzNTdkMTgyNGMxZDg2NjEzMjdkOTJhZDA1ODY2NmM1YjNkZTYyIn0=', '2017-06-12 09:26:16.605815'),
('2m0l5f7094dkl4bhybshc5mfzwjxjkhi', 'MWZiZmU0MmJkMjVhZjIxZmQxZDcxZjBjYmMyNTNmNzZkNWU4OGNiYTp7Il9hdXRoX3VzZXJfaGFzaCI6ImM1YTU4ODY0YTBlNzQxOWUyMGJhNzc2M2RlYWM2ZTlkZWRhODg4NTIiLCJfYXV0aF91c2VyX2lkIjoiMSIsIl9hdXRoX3VzZXJfYmFja2VuZCI6ImRqYW5nby5jb250cmliLmF1dGguYmFja2VuZHMuTW9kZWxCYWNrZW5kIn0=', '2017-04-11 12:39:21.547024'),
('34w0ku1fymysksal455v2x9z2comdq8d', 'MjNmNzkwZjljYTVmMzJjMWNlY2FkNmY5ZGFlNDliNTk1NTZjNGQwNzp7ImlkIjoxLCJfYXV0aF91c2VyX2hhc2giOiJjNWE1ODg2NGEwZTc0MTllMjBiYTc3NjNkZWFjNmU5ZGVkYTg4ODUyIiwiZmlyc3RfbmFtZSI6IkFMSU9VTkUiLCJfYXV0aF91c2VyX2JhY2tlbmQiOiJkamFuZ28uY29udHJpYi5hdXRoLmJhY2tlbmRzLk1vZGVsQmFja2VuZCIsInRlbGVwaG9uZSI6Ijc3MTA5Njg5MyIsImxhc3RfbmFtZSI6Ik1BTkUiLCJfYXV0aF91c2VyX2lkIjoiMSJ9', '2017-04-13 16:59:55.640346'),
('3v8x1rioztyfymxb0cm2uyx66j47q8lx', 'YTc3MzdmNWI2ZDRlZWU2ODhiZmMwZGYzMjRhNjQwNmZlMDc5MjY4MTp7ImZpcnN0X25hbWUiOiJBTElPVU5FIiwibm9tX2NhcnRlX3BvIjoiQUxJT1VORTRYOU9GLmpwZyIsIl9hdXRoX3VzZXJfYmFja2VuZCI6ImRqYW5nby5jb250cmliLmF1dGguYmFja2VuZHMuTW9kZWxCYWNrZW5kIiwiX2F1dGhfdXNlcl9pZCI6IjEiLCJfYXV0aF91c2VyX2hhc2giOiJjNWE1ODg2NGEwZTc0MTllMjBiYTc3NjNkZWFjNmU5ZGVkYTg4ODUyIiwidGVsZXBob25lIjoiMDAyMjE3NzEwOTY4OTMiLCJsYXN0X25hbWUiOiJNQU5FIiwiaWQiOjF9', '2017-05-23 17:32:26.381085'),
('3yek5brs1vji4hvfsjhlewpd1h64g21d', 'OTllNjdjZTBjYjJkZTE2N2U4ZTAzN2FiYzM0NGRiMWQ4YzM2ZDQ3Njp7Imxhc3RfbmFtZSI6Ik1BTkUiLCJ0ZWxlcGhvbmUiOiI3NzEwOTY4OTMiLCJpZCI6MSwiZmlyc3RfbmFtZSI6IkFMSU9VTkUifQ==', '2017-04-10 09:57:43.875438'),
('4fkd4cuxdanjn90cqhzeem7r0ndlxio9', 'NzQ4MTQ5ZTI5OWRhNGJiYTJjODlhZTkwZDFhYjljODQwMWY5OTkxYTp7InRlbGVwaG9uZSI6Ijc3MTA5Njg5MyIsImxhc3RfbmFtZSI6Ik1BTkUiLCJpZCI6MSwiZmlyc3RfbmFtZSI6IkFMSU9VTkUifQ==', '2017-04-06 16:01:59.229237'),
('4o6hxe1an2f06mne0z5j22jc9wtjcr48', 'MDA0ZjRlYjNiYmM3MzkxNTg4NGU3MmQ4NjdiYjVkM2FkNDM3OTI5MDp7Il9hdXRoX3VzZXJfaWQiOiIxIiwiX2F1dGhfdXNlcl9iYWNrZW5kIjoiZGphbmdvLmNvbnRyaWIuYXV0aC5iYWNrZW5kcy5Nb2RlbEJhY2tlbmQiLCJfYXV0aF91c2VyX2hhc2giOiJhZTAzNTdkMTgyNGMxZDg2NjEzMjdkOTJhZDA1ODY2NmM1YjNkZTYyIiwiZmlyc3RfbmFtZSI6IkFMSU9VTkUiLCJsYXN0X25hbWUiOiJNQU5FIiwiaWQiOjEsInRlbGVwaG9uZSI6IjAwMjIxNzcxMDk2ODkzIn0=', '2017-06-05 18:20:26.915223'),
('57499nafo8pelm6w6ydqra4q8t9brd38', 'NWNlYzlmZmM2NDQ1MTNiZGJlMzUzN2VmMGUzOGFjNDVhYjE4NTJkNTp7Il9hdXRoX3VzZXJfaWQiOiIxIiwiX2F1dGhfdXNlcl9iYWNrZW5kIjoiZGphbmdvLmNvbnRyaWIuYXV0aC5iYWNrZW5kcy5Nb2RlbEJhY2tlbmQiLCJfYXV0aF91c2VyX2hhc2giOiJhZTAzNTdkMTgyNGMxZDg2NjEzMjdkOTJhZDA1ODY2NmM1YjNkZTYyIn0=', '2017-06-09 09:37:31.774966'),
('5d8hlhy1mkeucvinjv4sdp4n3pus7yc0', 'MTFiMjBlN2FhNzg5ZTRjZmZkZjNmMWI5ZjY4Y2NkMjA4YWM1MDg2Nzp7ImZpcnN0X25hbWUiOiJmciIsImxhc3RfbmFtZSI6ImJhIiwiaWQiOjIsInRlbGVwaG9uZSI6IjU1NDIxMjEyMSJ9', '2017-06-09 15:39:13.631660'),
('636pjcxc3wxkgzwz6h2u9em4fzx118xx', 'NzY3YmFlYmM0MzA0ZDBhZDA5NTI3YzIzMTliMWRmN2NlODZjNTNhMjp7ImZpcnN0X25hbWUiOiJBTElPVU5FIiwibGFzdF9uYW1lIjoiTUFORSIsImlkIjoxLCJ0ZWxlcGhvbmUiOiIwMDIyMTc3MTA5Njg5MyJ9', '2017-06-01 18:32:08.498385'),
('68nvyrk2a1zirg8t37wa79ggdavdvtr6', 'MTE2OWY1ZmE3YzYwYzcwOTkzMGM4OTNjMmEyZGIxNDVlZjQ2NGMyMTp7InRlbGVwaG9uZSI6IjAwMjIxNzcxMDk2ODkzIiwiX2F1dGhfdXNlcl9pZCI6IjEiLCJpZCI6MSwiZmlyc3RfbmFtZSI6IkFMSU9VTkUiLCJfYXV0aF91c2VyX2JhY2tlbmQiOiJkamFuZ28uY29udHJpYi5hdXRoLmJhY2tlbmRzLk1vZGVsQmFja2VuZCIsImxhc3RfbmFtZSI6Ik1BTkUiLCJub21fY2FydGVfcG8iOiJBTElPVU5FR1BWUDIuanBnIiwiY2FyZF9pZCI6IjUiLCJfYXV0aF91c2VyX2hhc2giOiJjNWE1ODg2NGEwZTc0MTllMjBiYTc3NjNkZWFjNmU5ZGVkYTg4ODUyIn0=', '2017-05-24 16:27:50.542682'),
('6wmngcj5zlbzthe4fynwrlo3hr0j367v', 'OWYyZTAwYzkxN2Y3MDYzZDU3M2ExMjYxNzA1NDI5OTQ0NDI2NWE2Nzp7Il9hdXRoX3VzZXJfYmFja2VuZCI6ImRqYW5nby5jb250cmliLmF1dGguYmFja2VuZHMuTW9kZWxCYWNrZW5kIiwiX2F1dGhfdXNlcl9pZCI6IjEiLCJfYXV0aF91c2VyX2hhc2giOiJjNWE1ODg2NGEwZTc0MTllMjBiYTc3NjNkZWFjNmU5ZGVkYTg4ODUyIn0=', '2017-03-20 09:07:18.141681'),
('726wqntpd2p3t668an9rdn4aj0fdqj3w', 'YzY1NGZkNDQwY2I2M2VkYmY5YzI3N2I4YzU4YmUyY2NiZWUyMWI2MDp7ImZpcnN0X25hbWUiOiJBTElPVU5FIiwibGFzdF9uYW1lIjoiTUFORSIsImlkIjoxLCJ0ZWxlcGhvbmUiOiIwMDIyMTc3MTA5Njg5MyIsImNhcmRfaWQiOiIzMyJ9', '2017-05-29 19:35:20.890439'),
('7rh4cj9z01qqb4dcenb1p70wqr1xo7mj', 'OWZmNWRmMjg5Y2Q4OTg4Y2VkZGI5ZjE0NWJkODI3MzNkMGE1ZjZlNjp7ImZpcnN0X25hbWUiOiJBTElPVU5FIiwibGFzdF9uYW1lIjoiTUFORSIsInRlbGVwaG9uZSI6Ijc3MTA5Njg5MyIsImlkIjoxfQ==', '2017-04-10 17:13:03.470324'),
('8o58egzmpk0jvq5e9eqdgdcxnvq1ybkb', 'MWZiZmU0MmJkMjVhZjIxZmQxZDcxZjBjYmMyNTNmNzZkNWU4OGNiYTp7Il9hdXRoX3VzZXJfaGFzaCI6ImM1YTU4ODY0YTBlNzQxOWUyMGJhNzc2M2RlYWM2ZTlkZWRhODg4NTIiLCJfYXV0aF91c2VyX2lkIjoiMSIsIl9hdXRoX3VzZXJfYmFja2VuZCI6ImRqYW5nby5jb250cmliLmF1dGguYmFja2VuZHMuTW9kZWxCYWNrZW5kIn0=', '2017-04-28 09:54:51.796827'),
('9e2vbf9afwr296w65hg08dztewqrn4ck', 'NWNlYzlmZmM2NDQ1MTNiZGJlMzUzN2VmMGUzOGFjNDVhYjE4NTJkNTp7Il9hdXRoX3VzZXJfaWQiOiIxIiwiX2F1dGhfdXNlcl9iYWNrZW5kIjoiZGphbmdvLmNvbnRyaWIuYXV0aC5iYWNrZW5kcy5Nb2RlbEJhY2tlbmQiLCJfYXV0aF91c2VyX2hhc2giOiJhZTAzNTdkMTgyNGMxZDg2NjEzMjdkOTJhZDA1ODY2NmM1YjNkZTYyIn0=', '2017-06-02 10:44:52.788489'),
('arr6o12qxf4lzy4u7w69hl41pkoy9vjf', 'OTY3OTY2NDI1MjQ4MWNiYjEwZjYwNmQwYjkyNmFkNzJlMTA3MDBhNzp7ImZpcnN0X25hbWUiOiJBTElPVU5FIiwiaWQiOjEsImNhcmRfaWQiOiI2IiwidGVsZXBob25lIjoiNzcxMDk2ODkzIiwibGFzdF9uYW1lIjoiTUFORSIsIl9hdXRoX3VzZXJfYmFja2VuZCI6ImRqYW5nby5jb250cmliLmF1dGguYmFja2VuZHMuTW9kZWxCYWNrZW5kIiwiX2F1dGhfdXNlcl9oYXNoIjoiYzVhNTg4NjRhMGU3NDE5ZTIwYmE3NzYzZGVhYzZlOWRlZGE4ODg1MiIsIl9hdXRoX3VzZXJfaWQiOiIxIn0=', '2017-04-06 11:48:46.331866'),
('ee3age17zaj7ve8aod8d6pzfl2ka02gj', 'MTFiMjBlN2FhNzg5ZTRjZmZkZjNmMWI5ZjY4Y2NkMjA4YWM1MDg2Nzp7ImZpcnN0X25hbWUiOiJmciIsImxhc3RfbmFtZSI6ImJhIiwiaWQiOjIsInRlbGVwaG9uZSI6IjU1NDIxMjEyMSJ9', '2017-06-07 15:43:46.447830'),
('eiqbxc480dlekmnjpzmfkaxc0xnooie0', 'MTJhNTQ0MzgwM2IyYzBlMzA4ZmM0ZWY0OTFjYjg0ZTc0NmIzYzc4Yzp7ImZpcnN0X25hbWUiOiJUaGlhbXkgdGhpYW15IiwibGFzdF9uYW1lIjoiU09XIiwiaWQiOjc2LCJ0ZWxlcGhvbmUiOiIyMjE3MDc1Mjk2MTgiLCJjYXJkX2lkIjoiMjcifQ==', '2017-05-25 16:59:05.796356'),
('eul7nb611twhzkxnyxmopkzlyh1oh3yf', 'MWZiZmU0MmJkMjVhZjIxZmQxZDcxZjBjYmMyNTNmNzZkNWU4OGNiYTp7Il9hdXRoX3VzZXJfaGFzaCI6ImM1YTU4ODY0YTBlNzQxOWUyMGJhNzc2M2RlYWM2ZTlkZWRhODg4NTIiLCJfYXV0aF91c2VyX2lkIjoiMSIsIl9hdXRoX3VzZXJfYmFja2VuZCI6ImRqYW5nby5jb250cmliLmF1dGguYmFja2VuZHMuTW9kZWxCYWNrZW5kIn0=', '2017-03-23 08:46:34.839222'),
('evq5o3743rlkxje26rel2mccign2tdir', 'NzFjZWIxODUxYzQxOTNmMDIyNTQ5ZTIzMmE3MDI3ZTA2Y2ZiNzhiMDp7ImlkIjo1MSwidGVsZXBob25lIjoiNTU0MjEyMTIxIiwibGFzdF9uYW1lIjoicmVzdGUiLCJub21fY2FydGVfcG8iOiJ1c2VyQjVGODMuanBnIiwiZmlyc3RfbmFtZSI6InVzZXIifQ==', '2017-05-24 16:26:55.722609'),
('gnsawkszwvnrxp59uonje79xxuiv6p0u', 'NTliNGZlOGYxN2FkYzg1MGEwY2RhNDgyMzQzMmE1MjcyZGNiZjU5OTp7ImZpcnN0X25hbWUiOiJEaWVqZSIsImxhc3RfbmFtZSI6Ikhka2tkIiwiaWQiOjQ5LCJ0ZWxlcGhvbmUiOiIyMjE3NzM3ODIwNDM0OTQ5In0=', '2017-05-25 13:22:19.971016'),
('hddshmdc4ed9mpft5v952d606z3gicwk', 'ZmJhNWJiMjkwZWM3ZTVmYjY0ZDM2ZmEzNjUxYmQ2Mjk5ZTcxOGZhZDp7ImZpcnN0X25hbWUiOiJBTElPVU5FIiwidGVsZXBob25lIjoiMDAyMjE3NzEwOTY4OTMiLCJsYXN0X25hbWUiOiJNQU5FIiwiaWQiOjF9', '2017-05-16 11:40:20.173433'),
('i1unijlne3gqwinoz5g0i9l5bzoukrfu', 'NWNlYzlmZmM2NDQ1MTNiZGJlMzUzN2VmMGUzOGFjNDVhYjE4NTJkNTp7Il9hdXRoX3VzZXJfaWQiOiIxIiwiX2F1dGhfdXNlcl9iYWNrZW5kIjoiZGphbmdvLmNvbnRyaWIuYXV0aC5iYWNrZW5kcy5Nb2RlbEJhY2tlbmQiLCJfYXV0aF91c2VyX2hhc2giOiJhZTAzNTdkMTgyNGMxZDg2NjEzMjdkOTJhZDA1ODY2NmM1YjNkZTYyIn0=', '2017-06-07 11:37:23.800560'),
('igcohvuo283b0hzfn6govsbcl2h4o82n', 'NjkyZDc4ODYyMGQ4OTFmYjY1MzhlMDFlZjQ4NGI3MzNiNDRhY2MwNjp7Il9hdXRoX3VzZXJfaWQiOiIxIiwiX2F1dGhfdXNlcl9oYXNoIjoiYzVhNTg4NjRhMGU3NDE5ZTIwYmE3NzYzZGVhYzZlOWRlZGE4ODg1MiIsIl9hdXRoX3VzZXJfYmFja2VuZCI6ImRqYW5nby5jb250cmliLmF1dGguYmFja2VuZHMuTW9kZWxCYWNrZW5kIn0=', '2017-04-27 09:43:56.276917'),
('iy75jcq7y9hosnrarc5hqd7zv4nqpcys', 'ODc3YWRlNThmYTU3Y2M2MWJiNzdhOGVjM2U1Y2I5NDcwOGFmNmE0Yzp7Il9hdXRoX3VzZXJfaWQiOiIxIiwiX2F1dGhfdXNlcl9iYWNrZW5kIjoiZGphbmdvLmNvbnRyaWIuYXV0aC5iYWNrZW5kcy5Nb2RlbEJhY2tlbmQiLCJ0ZWxlcGhvbmUiOiI3NzEwOTY4OTMiLCJpZCI6MSwiZmlyc3RfbmFtZSI6IkFMSU9VTkUiLCJsYXN0X25hbWUiOiJNQU5FIiwiX2F1dGhfdXNlcl9oYXNoIjoiYzVhNTg4NjRhMGU3NDE5ZTIwYmE3NzYzZGVhYzZlOWRlZGE4ODg1MiIsImNhcmRfaWQiOiIyIn0=', '2017-04-07 10:24:12.832184'),
('j13ov8ofi7cjjybvua410eblp1tf8gn8', 'MTdhZjI0MzI0NjBjYjZjNzgyZWJiOTJkZTg1NTk3YjAwMGEzZDgxZjp7ImZpcnN0X25hbWUiOiJBTElPVU5FIiwibGFzdF9uYW1lIjoiTUFORSIsImlkIjoxLCJ0ZWxlcGhvbmUiOiIwMDIyMTc3MTA5Njg5MyIsImNhcmRfaWQiOiI1MSJ9', '2017-06-05 20:27:31.944312'),
('jlbk6oe2i8nhxo0vfonkrbfyqbllqu8w', 'YWY4ZjI1OTQ0ZjhiMTBiY2IwM2QzMzE1M2FkOGZmMGRlMzQ1MzkwODp7ImZpcnN0X25hbWUiOiJBTElPVU5FIiwibGFzdF9uYW1lIjoiTUFORSIsImlkIjoxLCJ0ZWxlcGhvbmUiOiIwMDIyMTc3MTA5Njg5MyIsImNhcmRfaWQiOiIzMyIsIl9hdXRoX3VzZXJfaWQiOiIxIiwiX2F1dGhfdXNlcl9iYWNrZW5kIjoiZGphbmdvLmNvbnRyaWIuYXV0aC5iYWNrZW5kcy5Nb2RlbEJhY2tlbmQiLCJfYXV0aF91c2VyX2hhc2giOiJhZTAzNTdkMTgyNGMxZDg2NjEzMjdkOTJhZDA1ODY2NmM1YjNkZTYyIn0=', '2017-05-29 16:51:46.996880'),
('jlzlpqltybb68n48gz5fcm3q0ob8cc4k', 'NWNlYzlmZmM2NDQ1MTNiZGJlMzUzN2VmMGUzOGFjNDVhYjE4NTJkNTp7Il9hdXRoX3VzZXJfaWQiOiIxIiwiX2F1dGhfdXNlcl9iYWNrZW5kIjoiZGphbmdvLmNvbnRyaWIuYXV0aC5iYWNrZW5kcy5Nb2RlbEJhY2tlbmQiLCJfYXV0aF91c2VyX2hhc2giOiJhZTAzNTdkMTgyNGMxZDg2NjEzMjdkOTJhZDA1ODY2NmM1YjNkZTYyIn0=', '2017-06-06 17:37:01.902377'),
('k941qu64tfsxgjtb1vwc37n0v07c1j7h', 'MTYzZDgwZDY2NTlhOWQ3NmZjZTI1ODMwMDI4ZTIwZDFkYWUzMTE0MDp7Il9hdXRoX3VzZXJfaWQiOiIxIiwiX2F1dGhfdXNlcl9iYWNrZW5kIjoiZGphbmdvLmNvbnRyaWIuYXV0aC5iYWNrZW5kcy5Nb2RlbEJhY2tlbmQiLCJfYXV0aF91c2VyX2hhc2giOiJjNWE1ODg2NGEwZTc0MTllMjBiYTc3NjNkZWFjNmU5ZGVkYTg4ODUyIiwibm9tX2NhcnRlX3BvIjoiQUxJT1VORTZMMFlVLmpwZyIsInRlbGVwaG9uZSI6IjAwMjIxNzcxMDk2ODkzIiwiaWQiOjEsImxhc3RfbmFtZSI6Ik1BTkUiLCJmaXJzdF9uYW1lIjoiQUxJT1VORSJ9', '2017-05-22 15:44:33.524938'),
('kawunyugkodjq41uduyskupkfcjcgm9o', 'YTMyMWY4MzIwYmQyYjk2MDVhYjQ4NjFjM2M3MWRkNDMyY2QzYzQ2Mjp7ImZpcnN0X25hbWUiOiJBTElPVU5FIiwibGFzdF9uYW1lIjoiTUFORSIsImlkIjoxLCJ0ZWxlcGhvbmUiOiIwMDIyMTc3MTA5Njg5MyIsImNhcmRfaWQiOiIyIiwiX2F1dGhfdXNlcl9pZCI6IjEiLCJfYXV0aF91c2VyX2JhY2tlbmQiOiJkamFuZ28uY29udHJpYi5hdXRoLmJhY2tlbmRzLk1vZGVsQmFja2VuZCIsIl9hdXRoX3VzZXJfaGFzaCI6ImFlMDM1N2QxODI0YzFkODY2MTMyN2Q5MmFkMDU4NjY2YzViM2RlNjIifQ==', '2017-06-05 20:29:53.686077'),
('ks25rcoyhn08n0f3lkdw8bs11moy9s2i', 'NWNlYzlmZmM2NDQ1MTNiZGJlMzUzN2VmMGUzOGFjNDVhYjE4NTJkNTp7Il9hdXRoX3VzZXJfaWQiOiIxIiwiX2F1dGhfdXNlcl9iYWNrZW5kIjoiZGphbmdvLmNvbnRyaWIuYXV0aC5iYWNrZW5kcy5Nb2RlbEJhY2tlbmQiLCJfYXV0aF91c2VyX2hhc2giOiJhZTAzNTdkMTgyNGMxZDg2NjEzMjdkOTJhZDA1ODY2NmM1YjNkZTYyIn0=', '2017-06-13 09:06:22.632259'),
('n27t88msmqmyqvr99ldgz5es3lfj5e2e', 'MTlmMzIxMGY0OWZiMGJmMmM5NTk2ZGUwMjk0YjU5YjIyN2MxODRlZDp7InRlbGVwaG9uZSI6Ijc3MTA5Njg5MyIsIl9hdXRoX3VzZXJfaWQiOiIxIiwiX2F1dGhfdXNlcl9oYXNoIjoiYzVhNTg4NjRhMGU3NDE5ZTIwYmE3NzYzZGVhYzZlOWRlZGE4ODg1MiIsIl9hdXRoX3VzZXJfYmFja2VuZCI6ImRqYW5nby5jb250cmliLmF1dGguYmFja2VuZHMuTW9kZWxCYWNrZW5kIiwiZmlyc3RfbmFtZSI6IkFMSU9VTkUiLCJsYXN0X25hbWUiOiJNQU5FIiwiaWQiOjEsImNhcmRfaWQiOiI1In0=', '2017-04-12 16:44:49.918303'),
('ns8jbb7po5upbk2lmilnbnqs7ibzvou8', 'NjkyZDc4ODYyMGQ4OTFmYjY1MzhlMDFlZjQ4NGI3MzNiNDRhY2MwNjp7Il9hdXRoX3VzZXJfaWQiOiIxIiwiX2F1dGhfdXNlcl9oYXNoIjoiYzVhNTg4NjRhMGU3NDE5ZTIwYmE3NzYzZGVhYzZlOWRlZGE4ODg1MiIsIl9hdXRoX3VzZXJfYmFja2VuZCI6ImRqYW5nby5jb250cmliLmF1dGguYmFja2VuZHMuTW9kZWxCYWNrZW5kIn0=', '2017-05-19 11:50:06.143182'),
('p4sppecm7rxf6db24x4d1ccp58yyizl3', 'MWZiZmU0MmJkMjVhZjIxZmQxZDcxZjBjYmMyNTNmNzZkNWU4OGNiYTp7Il9hdXRoX3VzZXJfaGFzaCI6ImM1YTU4ODY0YTBlNzQxOWUyMGJhNzc2M2RlYWM2ZTlkZWRhODg4NTIiLCJfYXV0aF91c2VyX2lkIjoiMSIsIl9hdXRoX3VzZXJfYmFja2VuZCI6ImRqYW5nby5jb250cmliLmF1dGguYmFja2VuZHMuTW9kZWxCYWNrZW5kIn0=', '2017-04-25 10:02:09.864680'),
('pi505bpnvgzreqho8nj6euk7q42ahlg4', 'OGQ5ZGRlMmQwYmM2ODhmMmM2YTFhN2Y1MzVlNGQzYWVjNjI2ZGFjOTp7ImZpcnN0X25hbWUiOiJBTElPVU5FIiwibGFzdF9uYW1lIjoiTUFORSIsImlkIjoxLCJ0ZWxlcGhvbmUiOiIwMDIyMTc3MTA5Njg5MyIsIl9hdXRoX3VzZXJfaWQiOiIxIiwiX2F1dGhfdXNlcl9iYWNrZW5kIjoiZGphbmdvLmNvbnRyaWIuYXV0aC5iYWNrZW5kcy5Nb2RlbEJhY2tlbmQiLCJfYXV0aF91c2VyX2hhc2giOiJhZTAzNTdkMTgyNGMxZDg2NjEzMjdkOTJhZDA1ODY2NmM1YjNkZTYyIn0=', '2017-05-26 11:34:26.778784'),
('rwu7orl9qmkiz81gz0jnsqja6jayiurd', 'NDBmYzRhZjA5NWU5ODFmODBlNTlkMDlhZDM2NzE4YjhlY2Y3YWJhNDp7Il9hdXRoX3VzZXJfaWQiOiIxIiwiX2F1dGhfdXNlcl9iYWNrZW5kIjoiZGphbmdvLmNvbnRyaWIuYXV0aC5iYWNrZW5kcy5Nb2RlbEJhY2tlbmQiLCJfYXV0aF91c2VyX2hhc2giOiJjNWE1ODg2NGEwZTc0MTllMjBiYTc3NjNkZWFjNmU5ZGVkYTg4ODUyIiwiZmlyc3RfbmFtZSI6IkFMSU9VTkUiLCJpZCI6MSwibGFzdF9uYW1lIjoiTUFORSIsInRlbGVwaG9uZSI6IjAwMjIxNzcxMDk2ODkzIn0=', '2017-05-04 11:50:50.255594'),
('t966kpa8mqombueaqzlmpy7knbigjog1', 'NDU4NjA1MGNiZjhlMmI2NDBmYWYxNmE1MTMyNTZiZWI5NTNkNzc0ZTp7ImlkIjo1MywibGFzdF9uYW1lIjoiU293IiwidGVsZXBob25lIjoiMjIxNzczNzgyMDQzIiwiZmlyc3RfbmFtZSI6IlRoaWFtZSJ9', '2017-05-24 09:20:40.788958'),
('tqbpjwmu4538d21xaa41n8vo8ea9x1ad', 'YzlhM2U2NThmM2FiMzcxZDdmMjcwZjc5MzEzYTQxYTVkM2FiODU5Njp7ImZpcnN0X25hbWUiOiJBTElPVU5FIiwidGVsZXBob25lIjoiNzcxMDk2ODkzIiwiaWQiOjEsImxhc3RfbmFtZSI6Ik1BTkUifQ==', '2017-04-07 16:14:02.954631'),
('vcvm2v4ismmfy2azfpruo1fm3193hebx', 'ODdlYTczMDY0MmUzODA2NzdiYWJjNGQ5MzQwMTI2NGIzOTE1NDI1Mjp7ImZpcnN0X25hbWUiOiJ0b3RvdyIsImxhc3RfbmFtZSI6Im1hbmUiLCJpZCI6ODEsInRlbGVwaG9uZSI6IjEzMzMyIn0=', '2017-05-26 17:24:41.640011'),
('vu95d4orekfy0anx33wvrbm723mjik02', 'MjI5ZmU4OGI4ZDJkM2Q5YWYzNWNmMGUwNGRjM2JmZThjMjY3NmRiMjp7ImNhcmRfaWQiOiI1IiwiaWQiOjEsImZpcnN0X25hbWUiOiJBTElPVU5FIiwibGFzdF9uYW1lIjoiTUFORSIsInRlbGVwaG9uZSI6Ijc3MTA5Njg5MyIsIl9hdXRoX3VzZXJfaWQiOiIxIiwiX2F1dGhfdXNlcl9oYXNoIjoiYzVhNTg4NjRhMGU3NDE5ZTIwYmE3NzYzZGVhYzZlOWRlZGE4ODg1MiIsIl9hdXRoX3VzZXJfYmFja2VuZCI6ImRqYW5nby5jb250cmliLmF1dGguYmFja2VuZHMuTW9kZWxCYWNrZW5kIn0=', '2017-04-11 13:09:15.689066'),
('xnm4ws5omzffds4zkryhpydhogwo1rtr', 'MWZiZmU0MmJkMjVhZjIxZmQxZDcxZjBjYmMyNTNmNzZkNWU4OGNiYTp7Il9hdXRoX3VzZXJfaGFzaCI6ImM1YTU4ODY0YTBlNzQxOWUyMGJhNzc2M2RlYWM2ZTlkZWRhODg4NTIiLCJfYXV0aF91c2VyX2lkIjoiMSIsIl9hdXRoX3VzZXJfYmFja2VuZCI6ImRqYW5nby5jb250cmliLmF1dGguYmFja2VuZHMuTW9kZWxCYWNrZW5kIn0=', '2017-05-20 11:57:28.700172'),
('ya57idutrjesnbrt0torljtze9zlspn8', 'YTk1NDUwMjM3YTYzYjI3YjE3YTg3NGM1ZTYzOGMyY2U4MTJjYzIzYjp7ImZpcnN0X25hbWUiOiJBTElPVU5FIiwibGFzdF9uYW1lIjoiTUFORSIsImlkIjoxLCJ0ZWxlcGhvbmUiOiI3NzEwOTY4OTMifQ==', '2017-04-07 10:35:27.352061'),
('yrotqrc6nz1po2e39xx8ms7qmyguiiyg', 'MTRhNzhlY2ExMDcxYzZiMzYyNTMwNTAzZWY4MTg3M2JmNzVmODAyMzp7ImZpcnN0X25hbWUiOiJBTElPVU5FIiwibGFzdF9uYW1lIjoiTUFORSIsImlkIjoxLCJ0ZWxlcGhvbmUiOiIwMDIyMTc3MTA5Njg5MyIsImNhcmRfaWQiOiIzMSJ9', '2017-06-01 17:34:10.951190'),
('yy9gf6zyjwexrpgwlw2ow7cvnp4rh5sg', 'NzY3YmFlYmM0MzA0ZDBhZDA5NTI3YzIzMTliMWRmN2NlODZjNTNhMjp7ImZpcnN0X25hbWUiOiJBTElPVU5FIiwibGFzdF9uYW1lIjoiTUFORSIsImlkIjoxLCJ0ZWxlcGhvbmUiOiIwMDIyMTc3MTA5Njg5MyJ9', '2017-06-02 18:42:31.451347'),
('zc6c2oitgbz2oiu2ewkzrdb8t7ndpvj9', 'OWU2MjhiOWFlYmM3M2E1MDdkM2M0MWUwOTQ2NTNkNGI2MDE4NGYzZDp7ImZpcnN0X25hbWUiOiJmciIsImxhc3RfbmFtZSI6ImJhIiwiaWQiOjIsInRlbGVwaG9uZSI6IjU1NDIxMjEyMSIsImNhcmRfaWQiOiI3In0=', '2017-06-12 16:18:20.796864'),
('zske50pct7nhtvaa7sevo2h9botmdqc1', 'MWZiZmU0MmJkMjVhZjIxZmQxZDcxZjBjYmMyNTNmNzZkNWU4OGNiYTp7Il9hdXRoX3VzZXJfaGFzaCI6ImM1YTU4ODY0YTBlNzQxOWUyMGJhNzc2M2RlYWM2ZTlkZWRhODg4NTIiLCJfYXV0aF91c2VyX2lkIjoiMSIsIl9hdXRoX3VzZXJfYmFja2VuZCI6ImRqYW5nby5jb250cmliLmF1dGguYmFja2VuZHMuTW9kZWxCYWNrZW5kIn0=', '2017-04-19 15:04:54.913436');

-- --------------------------------------------------------

--
-- Structure de la table `fcm_device`
--

CREATE TABLE `fcm_device` (
  `id` int(11) NOT NULL,
  `dev_id` varchar(50) NOT NULL,
  `reg_id` varchar(255) NOT NULL,
  `name` varchar(255) DEFAULT NULL,
  `is_active` tinyint(1) NOT NULL
) ENGINE=InnoDB DEFAULT CHARSET=latin1;

--
-- Contenu de la table `fcm_device`
--

INSERT INTO `fcm_device` (`id`, `dev_id`, `reg_id`, `name`, `is_active`) VALUES
(1, '1', '1', 'nema', 0),
(2, '2', 'abcd', 'elias', 0),
(3, '3', 'cc', 'My phone', 1);

-- --------------------------------------------------------

--
-- Structure de la table `jmrequests_request`
--

CREATE TABLE `jmrequests_request` (
  `id` int(11) NOT NULL,
  `date_sender` datetime(6) DEFAULT NULL,
  `date_receivers` datetime(6) DEFAULT NULL,
  `with_card` tinyint(1) NOT NULL,
  `message` varchar(255) DEFAULT NULL,
  `in_progress` tinyint(1) NOT NULL,
  `card_id` int(11) DEFAULT NULL,
  `spot_id` int(11) NOT NULL,
  `tobejoined` tinyint(1) NOT NULL
) ENGINE=InnoDB DEFAULT CHARSET=latin1 ROW_FORMAT=COMPACT;

--
-- Contenu de la table `jmrequests_request`
--

INSERT INTO `jmrequests_request` (`id`, `date_sender`, `date_receivers`, `with_card`, `message`, `in_progress`, `card_id`, `spot_id`, `tobejoined`) VALUES
(1, '2017-05-23 17:35:30.639362', NULL, 0, NULL, 0, NULL, 12, 0),
(2, '2017-05-23 17:42:43.119072', NULL, 0, NULL, 0, NULL, 13, 0),
(3, '2017-05-26 10:32:33.000000', '2017-05-31 11:54:52.000000', 1, NULL, 0, 1, 7, 0),
(11, '2017-05-30 10:51:18.589375', NULL, 0, NULL, 0, NULL, 19, 0),
(12, '2017-05-30 10:51:35.839874', NULL, 0, NULL, 0, NULL, 20, 1);

-- --------------------------------------------------------

--
-- Structure de la table `jmrequests_request_receivers`
--

CREATE TABLE `jmrequests_request_receivers` (
  `id` int(11) NOT NULL,
  `is_active` tinyint(1) NOT NULL,
  `state` varchar(20) NOT NULL,
  `list_receivers_id` int(11) NOT NULL,
  `receivers_id` int(11) NOT NULL,
  `sender_id` int(11) NOT NULL
) ENGINE=InnoDB DEFAULT CHARSET=latin1 ROW_FORMAT=COMPACT;

--
-- Contenu de la table `jmrequests_request_receivers`
--

INSERT INTO `jmrequests_request_receivers` (`id`, `is_active`, `state`, `list_receivers_id`, `receivers_id`, `sender_id`) VALUES
(2, 1, 'DECLINED', 3, 2, 3),
(3, 1, 'NULL', 1, 3, 1),
(4, 1, 'NULL', 2, 11, 2),
(5, 1, 'NULL', 2, 12, 2);

-- --------------------------------------------------------

--
-- Structure de la table `jmspots_card`
--

CREATE TABLE `jmspots_card` (
  `id` int(11) NOT NULL,
  `file` varchar(100) DEFAULT NULL,
  `jm_tag` varchar(150) NOT NULL,
  `type_card` varchar(50) DEFAULT NULL,
  `category_id` int(11) NOT NULL,
  `event_id` int(11) DEFAULT NULL,
  `institution_id` int(11) DEFAULT NULL,
  `owner_id` int(11) NOT NULL,
  `is_public` tinyint(1) NOT NULL
) ENGINE=InnoDB DEFAULT CHARSET=latin1 ROW_FORMAT=COMPACT;

--
-- Contenu de la table `jmspots_card`
--

INSERT INTO `jmspots_card` (`id`, `file`, `jm_tag`, `type_card`, `category_id`, `event_id`, `institution_id`, `owner_id`, `is_public`) VALUES
(1, 'cards/69CDGGDW3OCOA70.jpg', 'sdfd', NULL, 7, NULL, 1, 1, 1),
(2, 'cards/14.png', 'adasdsd', NULL, 5, 1, NULL, 1, 1),
(3, 'cards/ALIOUNEMRFXA.jpg', 'asdfaf', NULL, 7, NULL, 2, 1, 1),
(4, 'cards/fetes.png', 'jm_jm-anniv', NULL, 8, 2, NULL, 2, 1),
(5, 'cards/mariage.png', 'jm_jm_gala', NULL, 3, 3, NULL, 2, 1),
(6, 'cards/art.png', 'jm_jm_spot', NULL, 2, 4, NULL, 2, 1),
(7, 'cards/voiture.png', 'jm_jm_nais', NULL, 8, 5, NULL, 2, 1),
(8, 'cards/coiffure.png', 'jm_jm_test', NULL, 23, 6, NULL, 2, 1);

-- --------------------------------------------------------

--
-- Structure de la table `jmspots_category`
--

CREATE TABLE `jmspots_category` (
  `id` int(11) NOT NULL,
  `name` varchar(80) NOT NULL
) ENGINE=InnoDB DEFAULT CHARSET=latin1;

--
-- Contenu de la table `jmspots_category`
--

INSERT INTO `jmspots_category` (`id`, `name`) VALUES
(1, 'Académique'),
(2, 'Administration'),
(23, 'Autres'),
(3, 'Centre culturel'),
(4, 'Cinématographiques'),
(5, 'Commerce'),
(6, 'Culinaires'),
(7, 'Entreprise'),
(8, 'Festifs'),
(9, 'Hopital'),
(10, 'Hotel'),
(11, 'Institution académique'),
(12, 'Ludiques'),
(13, 'Manifestations'),
(14, 'Mode'),
(15, 'Musicaux'),
(16, 'Professionnels'),
(17, 'Religieux'),
(18, 'Restaurant'),
(19, 'Site de loisir'),
(20, 'Site sportif'),
(21, 'Site touristique'),
(22, 'Sportifs');

-- --------------------------------------------------------

--
-- Structure de la table `jmspots_event`
--

CREATE TABLE `jmspots_event` (
  `id` int(11) NOT NULL,
  `name` varchar(105) NOT NULL,
  `description` varchar(255) DEFAULT NULL,
  `created` datetime(6) NOT NULL,
  `is_public` tinyint(1) NOT NULL,
  `chatroom_id` int(11) DEFAULT NULL,
  `spot_id` int(11) NOT NULL,
  `user_id` int(11) DEFAULT NULL,
  `date_end` datetime(6) NOT NULL,
  `date_begin` datetime(6) NOT NULL
) ENGINE=InnoDB DEFAULT CHARSET=latin1 ROW_FORMAT=COMPACT;

--
-- Contenu de la table `jmspots_event`
--

INSERT INTO `jmspots_event` (`id`, `name`, `description`, `created`, `is_public`, `chatroom_id`, `spot_id`, `user_id`, `date_end`, `date_begin`) VALUES
(1, 'adsdsad', 'asdasdd', '2017-05-22 13:04:21.206182', 0, 1, 2, NULL, '2017-05-23 12:47:07.000000', '2017-05-23 12:47:05.000000'),
(2, 'Anniversaire de Mamadou', 'Anniversaire de Mamadou a fêté', '2017-05-24 15:41:12.664566', 0, 2, 14, NULL, '2017-05-31 15:38:42.000000', '2017-05-24 15:38:42.000000'),
(3, 'Soiree de galla', 'Pour les enfants dimunis', '2017-05-24 15:43:46.248634', 0, 3, 15, NULL, '2017-05-21 15:41:21.000000', '2017-05-18 15:41:21.000000'),
(4, 'Spot de alioune', 'Lancement WIRI', '2017-05-26 15:39:13.288365', 0, 4, 16, NULL, '2017-05-28 15:36:34.000000', '2017-05-28 15:36:34.000000'),
(5, 'Naissance', 'Naissance de WIRI', '2017-05-29 16:12:39.836086', 0, 5, 17, NULL, '2017-06-04 16:10:01.000000', '2017-06-04 16:10:01.000000'),
(6, 'tesst event', 'event a tester', '2017-05-29 16:14:09.959497', 0, 6, 18, NULL, '2017-05-28 16:12:49.000000', '2017-05-28 16:12:49.000000');

-- --------------------------------------------------------

--
-- Structure de la table `jmspots_institution`
--

CREATE TABLE `jmspots_institution` (
  `id` int(11) NOT NULL,
  `name` varchar(100) NOT NULL,
  `description` varchar(255) DEFAULT NULL,
  `spot_id` int(11) NOT NULL,
  `created` datetime(6) NOT NULL,
  `date_begin` datetime(6) NOT NULL,
  `date_end` datetime(6) NOT NULL
) ENGINE=InnoDB DEFAULT CHARSET=latin1 ROW_FORMAT=COMPACT;

--
-- Contenu de la table `jmspots_institution`
--

INSERT INTO `jmspots_institution` (`id`, `name`, `description`, `spot_id`, `created`, `date_begin`, `date_end`) VALUES
(1, '2017-05-25 00:00:00', 'afasfsaf', 2, '2017-05-22 13:02:57.388531', '2017-05-23 12:45:51.000000', '2017-05-23 12:46:11.000000'),
(2, 'fassff', 'afsasfsaf', 5, '2017-05-24 10:25:36.135518', '2017-05-24 10:25:32.000000', '2017-05-31 10:25:34.000000');

-- --------------------------------------------------------

--
-- Structure de la table `jmspots_spot`
--

CREATE TABLE `jmspots_spot` (
  `id` int(11) NOT NULL,
  `name` varchar(100) DEFAULT NULL,
  `latitude` double NOT NULL,
  `longitude` double NOT NULL
) ENGINE=InnoDB DEFAULT CHARSET=latin1 ROW_FORMAT=COMPACT;

--
-- Contenu de la table `jmspots_spot`
--

INSERT INTO `jmspots_spot` (`id`, `name`, `latitude`, `longitude`) VALUES
(1, 'Qualshore', 14.74511, -17.490248),
(2, 'Building', 14.736417, -17.249562),
(3, 'Hopital Aristide Le Dantec', 14.657472, -17.436746),
(4, 'Gym club', 14.662544, -17.442039),
(5, 'Monument de la renaissance', 14.722282, -17.49489),
(6, 'Centre culturel francais', 14.668051, -17.435718),
(7, 'ETM_TRANS', 14.706403, -17.253347),
(8, 'Concert Youssou Ndour', 12.894783, 1.649354),
(9, 'Mariage de Mamadou et Yande', 45.763987383, 6.36839003),
(10, 'Mariage de Toto et Titi', 4.78939923, 5.3789493),
(11, 'Festival de CANNES 2017', 12.6739937689, 13.3678933333),
(12, NULL, 14.752958524472, -17.4685301700155),
(13, NULL, 14.7529608663349, -17.4684859989764),
(14, 'Anniversaire de Mamadou', 14.670019, -17.43339),
(15, 'Soiree de galla', 14.670019, -17.43339),
(16, 'Spot de alioune', 14.7529731429862, -17.4685257220003),
(17, 'Naissance', 14.706403, -17.253347),
(18, 'tesst event', 14.253347, -17.253347),
(19, NULL, 0, 0),
(20, NULL, 14.7529727345932, -17.4685342183798);

-- --------------------------------------------------------

--
-- Structure de la table `jmspots_usercard`
--

CREATE TABLE `jmspots_usercard` (
  `id` int(11) NOT NULL,
  `date_created` datetime(6) NOT NULL,
  `state` varchar(20) NOT NULL,
  `card_id` int(11) NOT NULL,
  `sender_id` int(11) NOT NULL,
  `users_receivers_id` int(11) NOT NULL,
  `is_active` tinyint(1) NOT NULL
) ENGINE=InnoDB DEFAULT CHARSET=latin1;

--
-- Contenu de la table `jmspots_usercard`
--

INSERT INTO `jmspots_usercard` (`id`, `date_created`, `state`, `card_id`, `sender_id`, `users_receivers_id`, `is_active`) VALUES
(1, '2017-05-23 11:27:00.501684', 'RECEIVED', 1, 1, 1, 1),
(2, '2017-05-24 10:31:13.717149', 'RECEIVED', 3, 1, 1, 1),
(3, '2017-05-24 16:05:18.630042', 'RECEIVED', 1, 2, 2, 1),
(4, '2017-05-24 16:11:08.851234', 'RECEIVED', 5, 2, 2, 1),
(5, '2017-05-26 10:53:21.068953', 'NULL', 3, 1, 1, 1),
(6, '2017-05-26 17:08:44.631739', 'RECEIVED', 6, 2, 2, 1),
(7, '2017-05-29 15:10:33.441164', 'RECEIVED', 3, 3, 3, 1),
(8, '2017-05-29 15:14:39.826757', 'NULL', 4, 3, 3, 1),
(9, '2017-05-29 15:52:38.245816', 'RECEIVED', 3, 2, 2, 1),
(10, '2017-05-29 16:05:37.262891', 'RECEIVED', 5, 2, 2, 1),
(11, '2017-05-29 16:14:35.312442', 'RECEIVED', 7, 2, 2, 1),
(12, '2017-05-29 16:18:47.513758', 'RECEIVED', 8, 2, 2, 1),
(13, '2017-05-29 16:30:55.763718', 'RECEIVED', 8, 2, 2, 1),
(14, '2017-05-29 16:46:50.018409', 'RECEIVED', 7, 2, 2, 1),
(15, '2017-05-30 09:51:42.303851', 'RECEIVED', 6, 2, 2, 1),
(16, '2017-05-30 10:04:31.188698', 'RECEIVED', 7, 2, 2, 1),
(17, '2017-05-30 10:27:22.741315', 'NULL', 4, 1, 1, 1),
(18, '2017-05-30 11:16:58.697004', 'DECLINED', 2, 2, 2, 1),
(19, '2017-05-30 11:26:54.750928', 'DECLINED', 2, 2, 2, 1),
(20, '2017-05-30 11:29:37.765466', 'RECEIVED', 8, 1, 1, 1),
(21, '2017-05-30 11:41:06.580940', 'DECLINED', 2, 2, 2, 1),
(22, '2017-05-30 11:47:09.572232', 'RECEIVED', 2, 2, 2, 1),
(23, '2017-05-30 11:50:02.134767', 'RECEIVED', 3, 2, 2, 1),
(24, '2017-05-30 11:55:33.598024', 'RECEIVED', 2, 2, 2, 1);

-- --------------------------------------------------------

--
-- Structure de la table `jmspots_usercardfavourite`
--

CREATE TABLE `jmspots_usercardfavourite` (
  `id` int(11) NOT NULL,
  `date_created` datetime(6) NOT NULL,
  `sender_id` int(11) NOT NULL,
  `state` varchar(20) NOT NULL
) ENGINE=InnoDB DEFAULT CHARSET=latin1 ROW_FORMAT=COMPACT;

--
-- Contenu de la table `jmspots_usercardfavourite`
--

INSERT INTO `jmspots_usercardfavourite` (`id`, `date_created`, `sender_id`, `state`) VALUES
(1, '2017-05-23 11:20:13.909392', 1, 'RECEIVED'),
(2, '2017-05-23 11:20:29.585687', 1, 'RECEIVED'),
(3, '2017-05-24 15:41:12.804885', 2, 'RECEIVED'),
(4, '2017-05-24 15:43:46.378402', 2, 'RECEIVED'),
(5, '2017-05-26 15:39:13.427027', 2, 'RECEIVED'),
(6, '2017-05-29 16:12:39.959242', 2, 'RECEIVED'),
(7, '2017-05-29 16:14:09.965753', 2, 'RECEIVED');

-- --------------------------------------------------------

--
-- Structure de la table `jmspots_usercardfavourite_card`
--

CREATE TABLE `jmspots_usercardfavourite_card` (
  `id` int(11) NOT NULL,
  `usercardfavourite_id` int(11) NOT NULL,
  `card_id` int(11) NOT NULL
) ENGINE=InnoDB DEFAULT CHARSET=latin1 ROW_FORMAT=COMPACT;

--
-- Contenu de la table `jmspots_usercardfavourite_card`
--

INSERT INTO `jmspots_usercardfavourite_card` (`id`, `usercardfavourite_id`, `card_id`) VALUES
(1, 1, 1),
(3, 2, 2),
(4, 3, 4),
(5, 4, 5),
(6, 5, 6),
(7, 6, 7),
(8, 7, 8);

-- --------------------------------------------------------

--
-- Structure de la table `users_favouritecontact`
--

CREATE TABLE `users_favouritecontact` (
  `id` int(11) NOT NULL,
  `created` date NOT NULL,
  `userss_id` int(11) DEFAULT NULL
) ENGINE=InnoDB DEFAULT CHARSET=latin1 ROW_FORMAT=COMPACT;

-- --------------------------------------------------------

--
-- Structure de la table `users_favouritecontact_users`
--

CREATE TABLE `users_favouritecontact_users` (
  `id` int(11) NOT NULL,
  `favouritecontact_id` int(11) NOT NULL,
  `user_id` int(11) NOT NULL
) ENGINE=InnoDB DEFAULT CHARSET=latin1 ROW_FORMAT=COMPACT;

-- --------------------------------------------------------

--
-- Structure de la table `users_interest`
--

CREATE TABLE `users_interest` (
  `id` int(11) NOT NULL,
  `name` varchar(255) NOT NULL,
  `image` varchar(100) DEFAULT NULL
) ENGINE=InnoDB DEFAULT CHARSET=latin1;

--
-- Contenu de la table `users_interest`
--

INSERT INTO `users_interest` (`id`, `name`, `image`) VALUES
(1, 'Actualite', 'interests/Actualite.jpg'),
(2, 'Animaux', 'interests/Animaux.jpg'),
(3, 'Architecture', 'interests/Architecture.jpg'),
(4, 'Art', 'interests/Art.jpg'),
(5, 'Boissons', 'interests/Boissons.jpg'),
(6, 'Bricolage', 'interests/Bricolage.jpg'),
(7, 'Citation', 'interests/Citation.jpg'),
(8, 'Coiffure', 'interests/Coiffure.jpg'),
(9, 'Culture', 'interests/Culture.jpg'),
(10, 'Décoration', 'interests/Decoration.jpg'),
(11, 'Fêtes', 'interests/Fetes.jpg'),
(12, 'Mariage', 'interests/Mariage.jpg'),
(13, 'Mode', 'interests/Mode.jpg'),
(14, 'People', 'interests/people.jpg'),
(15, 'Photographie', 'interests/Photographie.jpg'),
(16, 'Politique', 'interests/Politique.jpg'),
(17, 'Sport', 'interests/Sport.jpg'),
(18, 'Voiture', 'interests/Voiture.jpg');

-- --------------------------------------------------------

--
-- Structure de la table `users_log`
--

CREATE TABLE `users_log` (
  `id` int(11) NOT NULL,
  `created` date NOT NULL,
  `operation` varchar(255) DEFAULT NULL
) ENGINE=InnoDB DEFAULT CHARSET=latin1;

-- --------------------------------------------------------

--
-- Structure de la table `users_mydevice`
--

CREATE TABLE `users_mydevice` (
  `id` int(11) NOT NULL,
  `dev_id` varchar(50) NOT NULL,
  `reg_id` varchar(255) NOT NULL,
  `name` varchar(255) DEFAULT NULL,
  `is_active` tinyint(1) NOT NULL,
  `user_id` int(11) NOT NULL
) ENGINE=InnoDB DEFAULT CHARSET=latin1 ROW_FORMAT=COMPACT;

--
-- Contenu de la table `users_mydevice`
--

INSERT INTO `users_mydevice` (`id`, `dev_id`, `reg_id`, `name`, `is_active`, `user_id`) VALUES
(1, '1', 'sas', 'toto', 0, 1),
(3, '3', 'e9bkTQjNXrk:APA91bHQKE4b4avd_-8Im3iOYD7WLI1zlw5CB8QO7HL5X3cS7Ymxdz-UIVZQ-XDHUhkE0VUxuNDFPoEx3ex_vK0zrPhbtFtL6skzbAERtiSSkttwZYuXD5QYeWuJs8wnTtQDgAmKOZMZ', NULL, 0, 3),
(4, '2', 'd4qwEItAl5c:APA91bHrgdBLgDTDXQyVr4Qx5-BPTCsYS-j6U_QWNmvemXs2Zdr5UU6aIS0c4VIw5YRoFnSUsN23Kluk-jhXZTJRsulb9--mKHpoH9qWDuMVLmIbOs10FpQUR8TZkkkcHtJXEum4pWmi', NULL, 0, 2);

-- --------------------------------------------------------

--
-- Structure de la table `users_user`
--

CREATE TABLE `users_user` (
  `id` int(11) NOT NULL,
  `telephone` varchar(255) DEFAULT NULL,
  `activation_token` varchar(6) DEFAULT NULL,
  `is_active` tinyint(1) NOT NULL,
  `first_name` varchar(255) DEFAULT NULL,
  `last_name` varchar(255) DEFAULT NULL,
  `email` varchar(255) DEFAULT NULL,
  `password` varchar(255) DEFAULT NULL,
  `photo` varchar(100) DEFAULT NULL
) ENGINE=InnoDB DEFAULT CHARSET=latin1 ROW_FORMAT=COMPACT;

--
-- Contenu de la table `users_user`
--

INSERT INTO `users_user` (`id`, `telephone`, `activation_token`, `is_active`, `first_name`, `last_name`, `email`, `password`, `photo`) VALUES
(1, '00221771096893', '123456', 1, 'ALIOUNE', 'MANE', 'alioune.mane@qualshore.com', 'a', 'users/photo_XRmIlzr.jpg'),
(2, '554212121', NULL, 1, 'fr', 'ba', 'bs@ko.hy', 'pa', ''),
(3, '777915099', NULL, 1, 'test', 'test créa', 'te@gh.fr', 'pa', '');

-- --------------------------------------------------------

--
-- Structure de la table `users_user_interest`
--

CREATE TABLE `users_user_interest` (
  `id` int(11) NOT NULL,
  `user_id` int(11) NOT NULL,
  `interest_id` int(11) NOT NULL
) ENGINE=InnoDB DEFAULT CHARSET=latin1 ROW_FORMAT=COMPACT;

--
-- Contenu de la table `users_user_interest`
--

INSERT INTO `users_user_interest` (`id`, `user_id`, `interest_id`) VALUES
(1, 1, 1),
(2, 1, 3),
(3, 1, 4),
(4, 2, 3),
(5, 2, 6),
(6, 3, 3),
(7, 3, 4);

--
-- Index pour les tables exportées
--

--
-- Index pour la table `auth_group`
--
ALTER TABLE `auth_group`
  ADD PRIMARY KEY (`id`),
  ADD UNIQUE KEY `name` (`name`);

--
-- Index pour la table `auth_group_permissions`
--
ALTER TABLE `auth_group_permissions`
  ADD PRIMARY KEY (`id`),
  ADD UNIQUE KEY `auth_group_permissions_group_id_0cd325b0_uniq` (`group_id`,`permission_id`),
  ADD KEY `auth_group_permissi_permission_id_84c5c92e_fk_auth_permission_id` (`permission_id`);

--
-- Index pour la table `auth_permission`
--
ALTER TABLE `auth_permission`
  ADD PRIMARY KEY (`id`),
  ADD UNIQUE KEY `auth_permission_content_type_id_01ab375a_uniq` (`content_type_id`,`codename`);

--
-- Index pour la table `auth_user`
--
ALTER TABLE `auth_user`
  ADD PRIMARY KEY (`id`),
  ADD UNIQUE KEY `username` (`username`);

--
-- Index pour la table `auth_user_groups`
--
ALTER TABLE `auth_user_groups`
  ADD PRIMARY KEY (`id`),
  ADD UNIQUE KEY `auth_user_groups_user_id_94350c0c_uniq` (`user_id`,`group_id`),
  ADD KEY `auth_user_groups_group_id_97559544_fk_auth_group_id` (`group_id`);

--
-- Index pour la table `auth_user_user_permissions`
--
ALTER TABLE `auth_user_user_permissions`
  ADD PRIMARY KEY (`id`),
  ADD UNIQUE KEY `auth_user_user_permissions_user_id_14a6b632_uniq` (`user_id`,`permission_id`),
  ADD KEY `auth_user_user_perm_permission_id_1fbb5f2c_fk_auth_permission_id` (`permission_id`);

--
-- Index pour la table `chatroom_chatgroup`
--
ALTER TABLE `chatroom_chatgroup`
  ADD PRIMARY KEY (`id`),
  ADD KEY `chatroom_chatgroup_userss_id_686101af_fk_users_user_id` (`userss_id`);

--
-- Index pour la table `chatroom_chatgroup_users`
--
ALTER TABLE `chatroom_chatgroup_users`
  ADD PRIMARY KEY (`id`),
  ADD UNIQUE KEY `chatroom_chatgroup_users_chatgroup_id_9d56b516_uniq` (`chatgroup_id`,`user_id`),
  ADD KEY `chatroom_chatgroup_users_user_id_ec0d16e6_fk_users_user_id` (`user_id`);

--
-- Index pour la table `chatroom_media`
--
ALTER TABLE `chatroom_media`
  ADD PRIMARY KEY (`id`),
  ADD KEY `chatroom_media_4ccaa172` (`message_id`);

--
-- Index pour la table `chatroom_message`
--
ALTER TABLE `chatroom_message`
  ADD PRIMARY KEY (`id`),
  ADD KEY `chatroom_message_chatgroup_id_ecd324ac_fk_chatroom_chatgroup_id` (`chatgroup_id`),
  ADD KEY `chatroom_message_users_id_1e5d7aa7_fk_users_user_id` (`users_id`);

--
-- Index pour la table `chatroom_message_users_receivers`
--
ALTER TABLE `chatroom_message_users_receivers`
  ADD PRIMARY KEY (`id`),
  ADD UNIQUE KEY `chatroom_message_users_r_message_id_user_id_f45d6d52_uniq` (`message_id`,`user_id`),
  ADD KEY `chatroom_message_use_user_id_5569fd6f_fk_users_use` (`user_id`);

--
-- Index pour la table `django_admin_log`
--
ALTER TABLE `django_admin_log`
  ADD PRIMARY KEY (`id`),
  ADD KEY `django_admin__content_type_id_c4bce8eb_fk_django_content_type_id` (`content_type_id`),
  ADD KEY `django_admin_log_user_id_c564eba6_fk_auth_user_id` (`user_id`);

--
-- Index pour la table `django_content_type`
--
ALTER TABLE `django_content_type`
  ADD PRIMARY KEY (`id`),
  ADD UNIQUE KEY `django_content_type_app_label_76bd3d3b_uniq` (`app_label`,`model`);

--
-- Index pour la table `django_migrations`
--
ALTER TABLE `django_migrations`
  ADD PRIMARY KEY (`id`);

--
-- Index pour la table `django_session`
--
ALTER TABLE `django_session`
  ADD PRIMARY KEY (`session_key`),
  ADD KEY `django_session_de54fa62` (`expire_date`);

--
-- Index pour la table `fcm_device`
--
ALTER TABLE `fcm_device`
  ADD PRIMARY KEY (`id`),
  ADD UNIQUE KEY `dev_id` (`dev_id`),
  ADD UNIQUE KEY `reg_id` (`reg_id`);

--
-- Index pour la table `jmrequests_request`
--
ALTER TABLE `jmrequests_request`
  ADD PRIMARY KEY (`id`),
  ADD KEY `jmrequests_request_card_id_8d37e8a8_fk_jmspots_card_id` (`card_id`),
  ADD KEY `jmrequests_request_e72b53d4` (`spot_id`);

--
-- Index pour la table `jmrequests_request_receivers`
--
ALTER TABLE `jmrequests_request_receivers`
  ADD PRIMARY KEY (`id`),
  ADD KEY `jmrequests_request_r_list_receivers_id_0134773c_fk_users_user_id` (`list_receivers_id`),
  ADD KEY `jmrequests_reques_receivers_id_ebd78ac0_fk_jmrequests_request_id` (`receivers_id`),
  ADD KEY `jmrequests_request_receivers_sender_id_52cbfae6_fk_users_user_id` (`sender_id`);

--
-- Index pour la table `jmspots_card`
--
ALTER TABLE `jmspots_card`
  ADD PRIMARY KEY (`id`),
  ADD UNIQUE KEY `jm_tag` (`jm_tag`),
  ADD UNIQUE KEY `event_id` (`event_id`),
  ADD UNIQUE KEY `institution_id` (`institution_id`),
  ADD KEY `jmspots_card_b583a629` (`category_id`),
  ADD KEY `jmspots_card_5e7b1936` (`owner_id`);

--
-- Index pour la table `jmspots_category`
--
ALTER TABLE `jmspots_category`
  ADD PRIMARY KEY (`id`),
  ADD UNIQUE KEY `name` (`name`);

--
-- Index pour la table `jmspots_event`
--
ALTER TABLE `jmspots_event`
  ADD PRIMARY KEY (`id`),
  ADD UNIQUE KEY `chatroom_id` (`chatroom_id`),
  ADD KEY `jmspots_event_e72b53d4` (`spot_id`),
  ADD KEY `jmspots_event_e8701ad4` (`user_id`);

--
-- Index pour la table `jmspots_institution`
--
ALTER TABLE `jmspots_institution`
  ADD PRIMARY KEY (`id`),
  ADD KEY `jmspots_institution_e72b53d4` (`spot_id`);

--
-- Index pour la table `jmspots_spot`
--
ALTER TABLE `jmspots_spot`
  ADD PRIMARY KEY (`id`);

--
-- Index pour la table `jmspots_usercard`
--
ALTER TABLE `jmspots_usercard`
  ADD PRIMARY KEY (`id`),
  ADD KEY `jmspots_usercard_card_id_a8099d32_fk_jmspots_card_id` (`card_id`),
  ADD KEY `jmspots_usercard_sender_id_c255f2d7_fk_users_user_id` (`sender_id`),
  ADD KEY `jmspots_usercard_users_receivers_id_11b0fece_fk_users_user_id` (`users_receivers_id`);

--
-- Index pour la table `jmspots_usercardfavourite`
--
ALTER TABLE `jmspots_usercardfavourite`
  ADD PRIMARY KEY (`id`),
  ADD KEY `jmspots_usercardfavourite_sender_id_252715aa_fk_users_user_id` (`sender_id`);

--
-- Index pour la table `jmspots_usercardfavourite_card`
--
ALTER TABLE `jmspots_usercardfavourite_card`
  ADD PRIMARY KEY (`id`),
  ADD UNIQUE KEY `jmspots_usercardfavourite_car_usercardfavourite_id_c7a7d8b8_uniq` (`usercardfavourite_id`,`card_id`),
  ADD KEY `jmspots_usercardfavourite_ca_card_id_7a0cb65d_fk_jmspots_card_id` (`card_id`);

--
-- Index pour la table `users_favouritecontact`
--
ALTER TABLE `users_favouritecontact`
  ADD PRIMARY KEY (`id`),
  ADD KEY `users_favouritecontact_17287805` (`userss_id`);

--
-- Index pour la table `users_favouritecontact_users`
--
ALTER TABLE `users_favouritecontact_users`
  ADD PRIMARY KEY (`id`),
  ADD UNIQUE KEY `users_favouritecontact_users_favouritecontact_id_cb4fcc65_uniq` (`favouritecontact_id`,`user_id`),
  ADD KEY `users_favouritecontact_users_user_id_d736cb44_fk_users_user_id` (`user_id`);

--
-- Index pour la table `users_interest`
--
ALTER TABLE `users_interest`
  ADD PRIMARY KEY (`id`),
  ADD UNIQUE KEY `name` (`name`);

--
-- Index pour la table `users_log`
--
ALTER TABLE `users_log`
  ADD PRIMARY KEY (`id`);

--
-- Index pour la table `users_mydevice`
--
ALTER TABLE `users_mydevice`
  ADD PRIMARY KEY (`id`),
  ADD UNIQUE KEY `dev_id` (`dev_id`),
  ADD UNIQUE KEY `reg_id` (`reg_id`),
  ADD KEY `users_mydevice_user_id_d641cc60_fk_users_user_id` (`user_id`);

--
-- Index pour la table `users_user`
--
ALTER TABLE `users_user`
  ADD PRIMARY KEY (`id`),
  ADD UNIQUE KEY `telephone` (`telephone`),
  ADD UNIQUE KEY `email` (`email`);

--
-- Index pour la table `users_user_interest`
--
ALTER TABLE `users_user_interest`
  ADD PRIMARY KEY (`id`),
  ADD UNIQUE KEY `users_user_interest_user_id_c469c1d0_uniq` (`user_id`,`interest_id`),
  ADD KEY `users_user_interest_interest_id_0b5ffe88_fk_users_interest_id` (`interest_id`);

--
-- AUTO_INCREMENT pour les tables exportées
--

--
-- AUTO_INCREMENT pour la table `auth_group`
--
ALTER TABLE `auth_group`
  MODIFY `id` int(11) NOT NULL AUTO_INCREMENT;
--
-- AUTO_INCREMENT pour la table `auth_group_permissions`
--
ALTER TABLE `auth_group_permissions`
  MODIFY `id` int(11) NOT NULL AUTO_INCREMENT;
--
-- AUTO_INCREMENT pour la table `auth_permission`
--
ALTER TABLE `auth_permission`
  MODIFY `id` int(11) NOT NULL AUTO_INCREMENT, AUTO_INCREMENT=73;
--
-- AUTO_INCREMENT pour la table `auth_user`
--
ALTER TABLE `auth_user`
  MODIFY `id` int(11) NOT NULL AUTO_INCREMENT, AUTO_INCREMENT=2;
--
-- AUTO_INCREMENT pour la table `auth_user_groups`
--
ALTER TABLE `auth_user_groups`
  MODIFY `id` int(11) NOT NULL AUTO_INCREMENT;
--
-- AUTO_INCREMENT pour la table `auth_user_user_permissions`
--
ALTER TABLE `auth_user_user_permissions`
  MODIFY `id` int(11) NOT NULL AUTO_INCREMENT;
--
-- AUTO_INCREMENT pour la table `chatroom_chatgroup`
--
ALTER TABLE `chatroom_chatgroup`
  MODIFY `id` int(11) NOT NULL AUTO_INCREMENT, AUTO_INCREMENT=7;
--
-- AUTO_INCREMENT pour la table `chatroom_chatgroup_users`
--
ALTER TABLE `chatroom_chatgroup_users`
  MODIFY `id` int(11) NOT NULL AUTO_INCREMENT, AUTO_INCREMENT=16;
--
-- AUTO_INCREMENT pour la table `chatroom_media`
--
ALTER TABLE `chatroom_media`
  MODIFY `id` int(11) NOT NULL AUTO_INCREMENT;
--
-- AUTO_INCREMENT pour la table `chatroom_message`
--
ALTER TABLE `chatroom_message`
  MODIFY `id` int(11) NOT NULL AUTO_INCREMENT, AUTO_INCREMENT=46;
--
-- AUTO_INCREMENT pour la table `chatroom_message_users_receivers`
--
ALTER TABLE `chatroom_message_users_receivers`
  MODIFY `id` int(11) NOT NULL AUTO_INCREMENT, AUTO_INCREMENT=36;
--
-- AUTO_INCREMENT pour la table `django_admin_log`
--
ALTER TABLE `django_admin_log`
  MODIFY `id` int(11) NOT NULL AUTO_INCREMENT, AUTO_INCREMENT=901;
--
-- AUTO_INCREMENT pour la table `django_content_type`
--
ALTER TABLE `django_content_type`
  MODIFY `id` int(11) NOT NULL AUTO_INCREMENT, AUTO_INCREMENT=25;
--
-- AUTO_INCREMENT pour la table `django_migrations`
--
ALTER TABLE `django_migrations`
  MODIFY `id` int(11) NOT NULL AUTO_INCREMENT, AUTO_INCREMENT=37;
--
-- AUTO_INCREMENT pour la table `fcm_device`
--
ALTER TABLE `fcm_device`
  MODIFY `id` int(11) NOT NULL AUTO_INCREMENT, AUTO_INCREMENT=4;
--
-- AUTO_INCREMENT pour la table `jmrequests_request`
--
ALTER TABLE `jmrequests_request`
  MODIFY `id` int(11) NOT NULL AUTO_INCREMENT, AUTO_INCREMENT=24;
--
-- AUTO_INCREMENT pour la table `jmrequests_request_receivers`
--
ALTER TABLE `jmrequests_request_receivers`
  MODIFY `id` int(11) NOT NULL AUTO_INCREMENT, AUTO_INCREMENT=8;
--
-- AUTO_INCREMENT pour la table `jmspots_card`
--
ALTER TABLE `jmspots_card`
  MODIFY `id` int(11) NOT NULL AUTO_INCREMENT, AUTO_INCREMENT=9;
--
-- AUTO_INCREMENT pour la table `jmspots_category`
--
ALTER TABLE `jmspots_category`
  MODIFY `id` int(11) NOT NULL AUTO_INCREMENT, AUTO_INCREMENT=24;
--
-- AUTO_INCREMENT pour la table `jmspots_event`
--
ALTER TABLE `jmspots_event`
  MODIFY `id` int(11) NOT NULL AUTO_INCREMENT, AUTO_INCREMENT=7;
--
-- AUTO_INCREMENT pour la table `jmspots_institution`
--
ALTER TABLE `jmspots_institution`
  MODIFY `id` int(11) NOT NULL AUTO_INCREMENT, AUTO_INCREMENT=3;
--
-- AUTO_INCREMENT pour la table `jmspots_spot`
--
ALTER TABLE `jmspots_spot`
  MODIFY `id` int(11) NOT NULL AUTO_INCREMENT, AUTO_INCREMENT=21;
--
-- AUTO_INCREMENT pour la table `jmspots_usercard`
--
ALTER TABLE `jmspots_usercard`
  MODIFY `id` int(11) NOT NULL AUTO_INCREMENT, AUTO_INCREMENT=25;
--
-- AUTO_INCREMENT pour la table `jmspots_usercardfavourite`
--
ALTER TABLE `jmspots_usercardfavourite`
  MODIFY `id` int(11) NOT NULL AUTO_INCREMENT, AUTO_INCREMENT=8;
--
-- AUTO_INCREMENT pour la table `jmspots_usercardfavourite_card`
--
ALTER TABLE `jmspots_usercardfavourite_card`
  MODIFY `id` int(11) NOT NULL AUTO_INCREMENT, AUTO_INCREMENT=9;
--
-- AUTO_INCREMENT pour la table `users_favouritecontact`
--
ALTER TABLE `users_favouritecontact`
  MODIFY `id` int(11) NOT NULL AUTO_INCREMENT;
--
-- AUTO_INCREMENT pour la table `users_favouritecontact_users`
--
ALTER TABLE `users_favouritecontact_users`
  MODIFY `id` int(11) NOT NULL AUTO_INCREMENT;
--
-- AUTO_INCREMENT pour la table `users_interest`
--
ALTER TABLE `users_interest`
  MODIFY `id` int(11) NOT NULL AUTO_INCREMENT, AUTO_INCREMENT=19;
--
-- AUTO_INCREMENT pour la table `users_log`
--
ALTER TABLE `users_log`
  MODIFY `id` int(11) NOT NULL AUTO_INCREMENT;
--
-- AUTO_INCREMENT pour la table `users_mydevice`
--
ALTER TABLE `users_mydevice`
  MODIFY `id` int(11) NOT NULL AUTO_INCREMENT, AUTO_INCREMENT=5;
--
-- AUTO_INCREMENT pour la table `users_user`
--
ALTER TABLE `users_user`
  MODIFY `id` int(11) NOT NULL AUTO_INCREMENT, AUTO_INCREMENT=4;
--
-- AUTO_INCREMENT pour la table `users_user_interest`
--
ALTER TABLE `users_user_interest`
  MODIFY `id` int(11) NOT NULL AUTO_INCREMENT, AUTO_INCREMENT=8;
--
-- Contraintes pour les tables exportées
--

--
-- Contraintes pour la table `auth_group_permissions`
--
ALTER TABLE `auth_group_permissions`
  ADD CONSTRAINT `auth_group_permissi_permission_id_84c5c92e_fk_auth_permission_id` FOREIGN KEY (`permission_id`) REFERENCES `auth_permission` (`id`),
  ADD CONSTRAINT `auth_group_permissions_group_id_b120cbf9_fk_auth_group_id` FOREIGN KEY (`group_id`) REFERENCES `auth_group` (`id`);

--
-- Contraintes pour la table `auth_permission`
--
ALTER TABLE `auth_permission`
  ADD CONSTRAINT `auth_permissi_content_type_id_2f476e4b_fk_django_content_type_id` FOREIGN KEY (`content_type_id`) REFERENCES `django_content_type` (`id`);

--
-- Contraintes pour la table `auth_user_groups`
--
ALTER TABLE `auth_user_groups`
  ADD CONSTRAINT `auth_user_groups_group_id_97559544_fk_auth_group_id` FOREIGN KEY (`group_id`) REFERENCES `auth_group` (`id`),
  ADD CONSTRAINT `auth_user_groups_user_id_6a12ed8b_fk_auth_user_id` FOREIGN KEY (`user_id`) REFERENCES `auth_user` (`id`);

--
-- Contraintes pour la table `auth_user_user_permissions`
--
ALTER TABLE `auth_user_user_permissions`
  ADD CONSTRAINT `auth_user_user_perm_permission_id_1fbb5f2c_fk_auth_permission_id` FOREIGN KEY (`permission_id`) REFERENCES `auth_permission` (`id`),
  ADD CONSTRAINT `auth_user_user_permissions_user_id_a95ead1b_fk_auth_user_id` FOREIGN KEY (`user_id`) REFERENCES `auth_user` (`id`);

--
-- Contraintes pour la table `chatroom_chatgroup`
--
ALTER TABLE `chatroom_chatgroup`
  ADD CONSTRAINT `chatroom_chatgroup_userss_id_686101af_fk_users_user_id` FOREIGN KEY (`userss_id`) REFERENCES `users_user` (`id`);

--
-- Contraintes pour la table `chatroom_chatgroup_users`
--
ALTER TABLE `chatroom_chatgroup_users`
  ADD CONSTRAINT `chatroom_chatgrou_chatgroup_id_e0a3dff3_fk_chatroom_chatgroup_id` FOREIGN KEY (`chatgroup_id`) REFERENCES `chatroom_chatgroup` (`id`),
  ADD CONSTRAINT `chatroom_chatgroup_users_user_id_ec0d16e6_fk_users_user_id` FOREIGN KEY (`user_id`) REFERENCES `users_user` (`id`);

--
-- Contraintes pour la table `chatroom_media`
--
ALTER TABLE `chatroom_media`
  ADD CONSTRAINT `chatroom_media_message_id_25a9a0ce_fk_chatroom_message_id` FOREIGN KEY (`message_id`) REFERENCES `chatroom_message` (`id`);

--
-- Contraintes pour la table `chatroom_message`
--
ALTER TABLE `chatroom_message`
  ADD CONSTRAINT `chatroom_message_chatgroup_id_ecd324ac_fk_chatroom_chatgroup_id` FOREIGN KEY (`chatgroup_id`) REFERENCES `chatroom_chatgroup` (`id`),
  ADD CONSTRAINT `chatroom_message_users_id_1e5d7aa7_fk_users_user_id` FOREIGN KEY (`users_id`) REFERENCES `users_user` (`id`);

--
-- Contraintes pour la table `chatroom_message_users_receivers`
--
ALTER TABLE `chatroom_message_users_receivers`
  ADD CONSTRAINT `chatroom_message_use_message_id_3825dcce_fk_chatroom_` FOREIGN KEY (`message_id`) REFERENCES `chatroom_message` (`id`),
  ADD CONSTRAINT `chatroom_message_use_user_id_5569fd6f_fk_users_use` FOREIGN KEY (`user_id`) REFERENCES `users_user` (`id`);

--
-- Contraintes pour la table `django_admin_log`
--
ALTER TABLE `django_admin_log`
  ADD CONSTRAINT `django_admin__content_type_id_c4bce8eb_fk_django_content_type_id` FOREIGN KEY (`content_type_id`) REFERENCES `django_content_type` (`id`),
  ADD CONSTRAINT `django_admin_log_user_id_c564eba6_fk_auth_user_id` FOREIGN KEY (`user_id`) REFERENCES `auth_user` (`id`);

--
-- Contraintes pour la table `jmrequests_request`
--
ALTER TABLE `jmrequests_request`
  ADD CONSTRAINT `jmrequests_request_card_id_8d37e8a8_fk_jmspots_card_id` FOREIGN KEY (`card_id`) REFERENCES `jmspots_card` (`id`),
  ADD CONSTRAINT `jmrequests_request_spot_id_b9cbf752_fk_jmspots_spot_id` FOREIGN KEY (`spot_id`) REFERENCES `jmspots_spot` (`id`);

--
-- Contraintes pour la table `jmrequests_request_receivers`
--
ALTER TABLE `jmrequests_request_receivers`
  ADD CONSTRAINT `jmrequests_reques_receivers_id_ebd78ac0_fk_jmrequests_request_id` FOREIGN KEY (`receivers_id`) REFERENCES `jmrequests_request` (`id`),
  ADD CONSTRAINT `jmrequests_request_r_list_receivers_id_0134773c_fk_users_user_id` FOREIGN KEY (`list_receivers_id`) REFERENCES `users_user` (`id`),
  ADD CONSTRAINT `jmrequests_request_receivers_sender_id_52cbfae6_fk_users_user_id` FOREIGN KEY (`sender_id`) REFERENCES `users_user` (`id`);

--
-- Contraintes pour la table `jmspots_card`
--
ALTER TABLE `jmspots_card`
  ADD CONSTRAINT `jmspots_card_category_id_d2a8ab85_fk_jmspots_category_id` FOREIGN KEY (`category_id`) REFERENCES `jmspots_category` (`id`),
  ADD CONSTRAINT `jmspots_card_event_id_3209770d_fk_jmspots_event_id` FOREIGN KEY (`event_id`) REFERENCES `jmspots_event` (`id`),
  ADD CONSTRAINT `jmspots_card_institution_id_d0f2b32d_fk_jmspots_institution_id` FOREIGN KEY (`institution_id`) REFERENCES `jmspots_institution` (`id`),
  ADD CONSTRAINT `jmspots_card_owner_id_b0d54cab_fk_users_user_id` FOREIGN KEY (`owner_id`) REFERENCES `users_user` (`id`);

--
-- Contraintes pour la table `jmspots_event`
--
ALTER TABLE `jmspots_event`
  ADD CONSTRAINT `jmspots_event_chatroom_id_34f1f710_fk_chatroom_chatgroup_id` FOREIGN KEY (`chatroom_id`) REFERENCES `chatroom_chatgroup` (`id`),
  ADD CONSTRAINT `jmspots_event_spot_id_246f6032_fk_jmspots_spot_id` FOREIGN KEY (`spot_id`) REFERENCES `jmspots_spot` (`id`),
  ADD CONSTRAINT `jmspots_event_user_id_24057d31_fk_users_user_id` FOREIGN KEY (`user_id`) REFERENCES `users_user` (`id`);

--
-- Contraintes pour la table `jmspots_institution`
--
ALTER TABLE `jmspots_institution`
  ADD CONSTRAINT `jmspots_institution_spot_id_5f956dd5_fk_jmspots_spot_id` FOREIGN KEY (`spot_id`) REFERENCES `jmspots_spot` (`id`);

--
-- Contraintes pour la table `jmspots_usercard`
--
ALTER TABLE `jmspots_usercard`
  ADD CONSTRAINT `jmspots_usercard_card_id_a8099d32_fk_jmspots_card_id` FOREIGN KEY (`card_id`) REFERENCES `jmspots_card` (`id`),
  ADD CONSTRAINT `jmspots_usercard_sender_id_c255f2d7_fk_users_user_id` FOREIGN KEY (`sender_id`) REFERENCES `users_user` (`id`),
  ADD CONSTRAINT `jmspots_usercard_users_receivers_id_11b0fece_fk_users_user_id` FOREIGN KEY (`users_receivers_id`) REFERENCES `users_user` (`id`);

--
-- Contraintes pour la table `jmspots_usercardfavourite`
--
ALTER TABLE `jmspots_usercardfavourite`
  ADD CONSTRAINT `jmspots_usercardfavourite_sender_id_252715aa_fk_users_user_id` FOREIGN KEY (`sender_id`) REFERENCES `users_user` (`id`);

--
-- Contraintes pour la table `jmspots_usercardfavourite_card`
--
ALTER TABLE `jmspots_usercardfavourite_card`
  ADD CONSTRAINT `jm_usercardfavourite_id_78653485_fk_jmspots_usercardfavourite_id` FOREIGN KEY (`usercardfavourite_id`) REFERENCES `jmspots_usercardfavourite` (`id`),
  ADD CONSTRAINT `jmspots_usercardfavourite_ca_card_id_7a0cb65d_fk_jmspots_card_id` FOREIGN KEY (`card_id`) REFERENCES `jmspots_card` (`id`);

--
-- Contraintes pour la table `users_favouritecontact`
--
ALTER TABLE `users_favouritecontact`
  ADD CONSTRAINT `users_favouritecontact_userss_id_7948fe12_fk_users_user_id` FOREIGN KEY (`userss_id`) REFERENCES `users_user` (`id`);

--
-- Contraintes pour la table `users_favouritecontact_users`
--
ALTER TABLE `users_favouritecontact_users`
  ADD CONSTRAINT `users__favouritecontact_id_d52feca5_fk_users_favouritecontact_id` FOREIGN KEY (`favouritecontact_id`) REFERENCES `users_favouritecontact` (`id`),
  ADD CONSTRAINT `users_favouritecontact_users_user_id_d736cb44_fk_users_user_id` FOREIGN KEY (`user_id`) REFERENCES `users_user` (`id`);

--
-- Contraintes pour la table `users_mydevice`
--
ALTER TABLE `users_mydevice`
  ADD CONSTRAINT `users_mydevice_user_id_d641cc60_fk_users_user_id` FOREIGN KEY (`user_id`) REFERENCES `users_user` (`id`);

--
-- Contraintes pour la table `users_user_interest`
--
ALTER TABLE `users_user_interest`
  ADD CONSTRAINT `users_user_interest_interest_id_0b5ffe88_fk_users_interest_id` FOREIGN KEY (`interest_id`) REFERENCES `users_interest` (`id`),
  ADD CONSTRAINT `users_user_interest_user_id_b284e14d_fk_users_user_id` FOREIGN KEY (`user_id`) REFERENCES `users_user` (`id`);

/*!40101 SET CHARACTER_SET_CLIENT=@OLD_CHARACTER_SET_CLIENT */;
/*!40101 SET CHARACTER_SET_RESULTS=@OLD_CHARACTER_SET_RESULTS */;
/*!40101 SET COLLATION_CONNECTION=@OLD_COLLATION_CONNECTION */;
